no,item,description,unit_price,quantity,subtotal,subtotal_without_tax,tax1_name,tax1_value,tax1_amount,tax2_name,tax2_value,tax2_amount
﻿00001,VTO 452 02AM 135 - Tous, ,780,1,390,390,معافاة (0%),0.0000,0, , ,0
00002,VESD 80 0E59 135 - Escada, ,200,1,200,200,معافاة (0%),0.0000,0, , ,0
00002,عدسة طبية - medical Cens, ,100,1,100,100,معافاة (0%),0.0000,0, , ,0
00003,كي اكتور نظارة شمسية  - K Actor sunglasses, ,450,1,450,450,معافاة (0%),0.0000,0, , ,0
00004,عدسة طبية - medical Cens, ,300,1,300,300,معافاة (0%),0.0000,0, , ,0
00004,VESD 80 0E59 135 - Escada, ,1100,2,2200,2200,معافاة (0%),0.0000,0, , ,0
00005,VESD 80 0E59 135 - Escada, ,1100,1,1100,1100,معافاة (0%),0.0000,0, , ,0
00005,عدسة طبية - medical Cens, ,100,1,100,100,معافاة (0%),0.0000,0, , ,0
00006,VESD 80 0E59 135 - Escada, ,1100,1,1000,1000,معافاة (0%),0.0000,0, , ,0
00007,ط, ,250,1,250,250, , ,0, , ,0
00008,عدسة طبية - medical Cens, ,250,1,250,250,معافاة (0%),0.0000,0, , ,0
00009,سبيكترا شمسي - Spectra Sunglasses, ,150,150,22500,22500,معافاة (0%),0.0000,0, , ,0
00010,سبيكترا شمسي - Spectra Sunglasses, ,150,1,150,150,معافاة (0%),0.0000,0, , ,0
00010,عدسة طبية - medical Cens, ,100,1,100,100,معافاة (0%),0.0000,0, , ,0
00011,سبيكترا شمسي - Spectra Sunglasses, ,120,1,120,120,معافاة (0%),0.0000,0, , ,0
00011,عدسة طبية - medical Cens, ,80,1,80,80,معافاة (0%),0.0000,0, , ,0
00012,سبيكترا شمسي - Spectra Sunglasses, ,225,1,225,225,معافاة (0%),0.0000,0, , ,0
00013,UPLP09-CLR22P - police, ,400,1,400,400,معافاة (0%),0.0000,0, , ,0
00013,عدسة طبية - medical Cens, ,100,1,100,100,معافاة (0%),0.0000,0, , ,0
00014,VPLG72-CL0700 - police, ,450,1,450,450,معافاة (0%),0.0000,0, , ,0
00014,عدسة طبية - medical Cens, ,80,1,80,80,معافاة (0%),0.0000,0, , ,0
00015,عدسة طبية - medical Cens, ,125,1,125,125,معافاة (0%),0.0000,0, , ,0
00015,عدسة طبية - medical Cens, ,75,1,75,75,معافاة (0%),0.0000,0, , ,0
00016,سبيكترا شمسي - Spectra Sunglasses, ,100,1,100,100,معافاة (0%),0.0000,0, , ,0
00016,عدسة طبية - medical Cens, ,70,1,70,70,معافاة (0%),0.0000,0, , ,0
00017,سبيكترا شمسي - Spectra Sunglasses, ,110,3,330,330,معافاة (0%),0.0000,0, , ,0
00018,سبيكترا شمسي - Spectra Sunglasses, ,100,1,100,100,معافاة (0%),0.0000,0, , ,0
00018,عدسة طبية - medical Cens, ,150,1,150,150,معافاة (0%),0.0000,0, , ,0
00019,سبيكترا شمسي - Spectra Sunglasses, ,100,1,100,100,معافاة (0%),0.0000,0, , ,0
00020,سلسله, ,20,2,40,40, , ,0, , ,0
00021,سبيكترا شمسي - Spectra Sunglasses, ,100,1,100,100,معافاة (0%),0.0000,0, , ,0
00022,عدسة طبية - medical Cens, ,300,1,300,300,معافاة (0%),0.0000,0, , ,0
00023,VFI 0700 145 - Fila, ,270,1,270,270,معافاة (0%),0.0000,0, , ,0
00023,سبيكترا شمسي - Spectra Sunglasses, ,225,1,225,225,معافاة (0%),0.0000,0, , ,0
00023,عدسة طبية - medical Cens, ,325,1,325,325,معافاة (0%),0.0000,0, , ,0
00024,نظارة قراءه, ,70,1,70,70, , ,0, , ,0
00025,عدسة طبية - medical Cens, ,200,1,200,200,معافاة (0%),0.0000,0, , ,0
00026,نظارة قراءة - Reading glasses, ,50,1,50,50,معافاة (0%),0.0000,0, , ,0
00027,عدسة طبية - medical Cens, ,120,1,120,120,معافاة (0%),0.0000,0, , ,0
00028,عدسات تلوين, ,100,2,200,200, , ,0, , ,0
00029,VFI 992 0U28 145 - Fila, ,300,1,300,300,معافاة (0%),0.0000,0, , ,0
00029,عدسة طبية - medical Cens, ,0,1,0,0,معافاة (0%),0.0000,0, , ,0
00030,عدسة طبية - medical Lens, ,60,1,60,60,معافاة (0%),0.0000,0, , ,0
00031,اسبكترا شمس, ,80,1,80,80, , ,0, , ,0
00032,نظارة قراءة - Reading glasses, ,85,1,85,85,معافاة (0%),0.0000,0, , ,0
00033,سبيكترا شمسي - Spectra Sunglasses, ,150,1,150,150,معافاة (0%),0.0000,0, , ,0
00034,CA 269 PJP 150 - Carrera, ,450,1,450,450,معافاة (0%),0.0000,0, , ,0
00035,ماي كلور نظارة شمسية - My Cloror ssunglasses, ,250,1,250,250,معافاة (0%),0.0000,0, , ,0
00036,نظارة قراءة - Reading glasses, ,75,1,75,75,معافاة (0%),0.0000,0, , ,0
00037,سبيكترا شمسي - Spectra Sunglasses, ,100,1,100,100,معافاة (0%),0.0000,0, , ,0
00037,عدسة طبية - medical Lens,تلوين مع طبي,350,1,350,350,معافاة (0%),0.0000,0, , ,0
00038,سبيكترا شمسي - Spectra Sunglasses, ,100,1,100,100,معافاة (0%),0.0000,0, , ,0
00038,عدسة طبية - medical Lens, ,70,1,70,70,معافاة (0%),0.0000,0, , ,0
00039,سبيكترا شمسي -  Spectra Sanglasses, ,120,1,120,120,معافاة (0%),0.0000,0, , ,0
00040,عدسة طبية - medical Lens, ,40,1,40,40,معافاة (0%),0.0000,0, , ,0
00041,كي اكتور نظارة شمسية  - K Actor sunglasses, ,225,1,225,225,معافاة (0%),0.0000,0, , ,0
00041,ع, ,125,1,125,125, , ,0, , ,0
00042,عدسة طبية - medical Lens, ,150,1,150,150,معافاة (0%),0.0000,0, , ,0
00043,عدسة طبية - medical Lens, ,0,150,0,0,معافاة (0%),0.0000,0, , ,0
00044,ع, ,150,1,150,150,معافاة (0%),0.0000,0, , ,0
00045,عدسة طبية - medical Lens, ,70,1,70,70,معافاة (0%),0.0000,0, , ,0
00046,سبيكترا شمسي - Spectra Sunglasses, ,100,1,100,100,معافاة (0%),0.0000,0, , ,0
00046,عدسة طبية - medical Lens, ,90,1,90,90,معافاة (0%),0.0000,0, , ,0
00047,عدسة طبية - medical Lens, ,110,1,110,110,معافاة (0%),0.0000,0, , ,0
00048,سبيكترا شمسي - Spectra Sunglasses, ,100,1,100,100,معافاة (0%),0.0000,0, , ,0
00048,عدسة طبية - medical Lens, ,80,1,80,80,معافاة (0%),0.0000,0, , ,0
00049,سبيكترا شمسي -  Spectra Sanglasses, ,100,1,100,100,معافاة (0%),0.0000,0, , ,0
00050,كي اكتور نظارة شمسية  - K Actor sunglasses, ,225,1,225,225,معافاة (0%),0.0000,0, , ,0
00051,عدسة طبية - medical Lens, ,110,1,110,110,معافاة (0%),0.0000,0, , ,0
00052,عدسة طبية - medical Lens,بلوكت ضد الكسر120,120,1,120,120,معافاة (0%),0.0000,0, , ,0
00053,سبيكترا شمسي -  Spectra Sanglasses, ,100,1,100,100,معافاة (0%),0.0000,0, , ,0
00054,سبيكترا شمسي - Spectra Sunglasses, ,90,1,90,90,معافاة (0%),0.0000,0, , ,0
00054,VFI 995 0700 145 - Fila, ,400,1,400,400,معافاة (0%),0.0000,0, , ,0
00054,عدسة طبية - medical Lens, ,210,2,420,420,معافاة (0%),0.0000,0, , ,0
00055,سبيكترا شمسي - Spectra Sunglasses, ,120,1,120,120,معافاة (0%),0.0000,0, , ,0
00056,VFI 995 0703 140 - Fila, ,400,1,400,400,معافاة (0%),0.0000,0, , ,0
00056,عدسة طبية - medical Lens, ,150,1,150,150,معافاة (0%),0.0000,0, , ,0
00056,سبيكترا شمسي - Spectra Sunglasses, ,90,1,90,90,معافاة (0%),0.0000,0, , ,0
00056,عدسة طبية - medical Lens, ,60,1,60,60,معافاة (0%),0.0000,0, , ,0
00057,VFI 995 0703 140 - Fila, ,400,1,400,400,معافاة (0%),0.0000,0, , ,0
00057,عدسة طبية - medical Lens, ,150,1,150,150,معافاة (0%),0.0000,0, , ,0
00057,سبيكترا شمسي - Spectra Sunglasses, ,90,1,90,90,معافاة (0%),0.0000,0, , ,0
00057,عدسة طبية - medical Lens, ,60,1,60,60,معافاة (0%),0.0000,0, , ,0
00058,      PARADO  , ,225,1,225,225,معافاة (0%),0.0000,0, , ,0
00058,عدسة طبية - medical Lens, ,150,1,150,150,معافاة (0%),0.0000,0, , ,0
00059,عدسة طبية - medical Lens, ,80,1,80,80,معافاة (0%),0.0000,0, , ,0
00060,TH 1722 PJP 145 - Tommy Hilfiger, ,420,1,420,420,معافاة (0%),0.0000,0, , ,0
00060,عدسة طبية - medical Lens, ,180,1,180,180,معافاة (0%),0.0000,0, , ,0
00061,عدسة تجميل - Cosmetic Cens, ,100,1,100,100,معافاة (0%),0.0000,0, , ,0
00062,عدسة طبية - medical Lens, ,130,1,130,130,معافاة (0%),0.0000,0, , ,0
00063,سبيكترا شمسي - Spectra Sunglasses, ,50,1,50,50,معافاة (0%),0.0000,0, , ,0
00064,عدسة طبية - medical Lens, ,120,1,120,120,معافاة (0%),0.0000,0, , ,0
00065,ميني اطفال طبي - Minis kids eyeglasses, ,110,1,110,110,معافاة (0%),0.0000,0, , ,0
00066,عدسة طبية - medical Lens, ,100,2,200,200,معافاة (0%),0.0000,0, , ,0
00067,سبيكترا شمسي - Spectra Sunglasses, ,90,1,90,90,معافاة (0%),0.0000,0, , ,0
00067,عدسة طبية - medical Lens, ,140,1,140,140,معافاة (0%),0.0000,0, , ,0
00068,نظارة قراءة - Reading glasses, ,60,1,60,60,معافاة (0%),0.0000,0, , ,0
00069,عدسة طبية - medical Lens, ,50,1,50,50,معافاة (0%),0.0000,0, , ,0
00070,عدسة طبية - medical Lens, ,80,1,80,80,معافاة (0%),0.0000,0, , ,0
00071,عدسة طبية - medical Lens, ,130,1,130,130,معافاة (0%),0.0000,0, , ,0
00072,ميني اطفال طبي - Minis kids eyeglasses, ,100,2,200,200,معافاة (0%),0.0000,0, , ,0
00073,سبيكترا شمسي - Spectra Sunglasses, ,100,1,100,100,معافاة (0%),0.0000,0, , ,0
00073,عدسة طبية - medical Lens, ,150,1,150,150,معافاة (0%),0.0000,0, , ,0
00074,عدسة طبية - medical Lens, ,100,1,100,100,معافاة (0%),0.0000,0, , ,0
00075,ميني اطفال طبي - Minis kids eyeglasses, ,100,1,100,100,معافاة (0%),0.0000,0, , ,0
00076,سبيكترا شمسي - Spectra Sunglasses, ,100,1,100,100,معافاة (0%),0.0000,0, , ,0
00077,L 989S 301 - Lacoste, ,460,1,460,460,معافاة (0%),0.0000,0, , ,0
00078,عدسة طبية - medical Lens, ,140,1,140,140,معافاة (0%),0.0000,0, , ,0
00079,ماي كلور نظارة شمسية - My Cloror ssunglasses, ,225,1,225,225,معافاة (0%),0.0000,0, , ,0
00080,سبيكترا شمسي -  Spectra Sanglasses, ,100,1,100,100,معافاة (0%),0.0000,0, , ,0
00081,ميني اطفال طبي - Minis kids eyeglasses, ,0,2,0,0,معافاة (0%),0.0000,0, , ,0
00082,سبيكترا شمسي -  Spectra Sanglasses, ,0,1,0,0,معافاة (0%),0.0000,0, , ,0
00083,TH 1875 4IN 145 - Tommy Hilfiger, ,420,1,420,420,معافاة (0%),0.0000,0, , ,0
00083,عدسة طبية - medical Lens, ,580,1,580,580,معافاة (0%),0.0000,0, , ,0
00084,      PARADO  , ,250,1,250,250,معافاة (0%),0.0000,0, , ,0
00085,عدسة طبية - medical Lens, ,80,1,80,80,معافاة (0%),0.0000,0, , ,0
00086,VTO B72 0752 140 - Tous, ,390,1,390,390,معافاة (0%),0.0000,0, , ,0
00086,ع, ,110,1,110,110, , ,0, , ,0
00087,عدسة طبية - medical Lens, ,100,1,100,100,معافاة (0%),0.0000,0, , ,0
00088,SPLP25-CL0300 - police, ,490,1,490,490,معافاة (0%),0.0000,0, , ,0
00088,RB 7227F 2000 145 - Ray ban, ,400,1,400,400,معافاة (0%),0.0000,0, , ,0
00088,عدسة طبية - medical Lens, ,125,1,125,125,معافاة (0%),0.0000,0, , ,0
00089,نظارة قراءة - Reading glasses, ,50,1,50,50,معافاة (0%),0.0000,0, , ,0
00090,سبيكترا شمسي - Spectra Sunglasses, ,100,1,100,100,معافاة (0%),0.0000,0, , ,0
00090,عدسة طبية - medical Lens, ,50,1,50,50,معافاة (0%),0.0000,0, , ,0
00091,ميني اطفال طبي - Minis kids eyeglasses, ,100,1,100,100,معافاة (0%),0.0000,0, , ,0
00092,سبيكترا شمسي -  Spectra Sanglasses, ,90,1,90,90,معافاة (0%),0.0000,0, , ,0
00093,عدسة طبية - medical Lens, ,140,1,140,140,معافاة (0%),0.0000,0, , ,0
00094,سبيكترا شمسي - Spectra Sunglasses, ,150,1,150,150, , ,0, , ,0
00094,عدسة طبية - medical Lens, ,190,1,190,190,معافاة (0%),0.0000,0, , ,0
00095,نظارة قراءة - Reading glasses, ,75,1,75,75, , ,0, , ,0
00096,SPLP32V-CL0703 - police, ,500,1,500,500,معافاة (0%),0.0000,0, , ,0
00097,STO 439 0E59 - Tous, ,440,1,440,440, , ,0, , ,0
00098,سبيكترا شمسي - Spectra Sunglasses, ,100,1,100,100, , ,0, , ,0
00098,عدسة تجميل - Cosmetic Cens, ,140,1,140,140,معافاة (0%),0.0000,0, , ,0
00099,SPLP25-CL0300 - police, ,490,1,490,490,معافاة (0%),0.0000,0, , ,0
00099,عدسة طبية - medical Lens, ,125,1,125,125,معافاة (0%),0.0000,0, , ,0
00100,ميني اطفال طبي - Minis kids eyeglasses, ,100,1,100,100, , ,0, , ,0
00101,عدسة طبية - medical Lens, ,120,1,120,120,معافاة (0%),0.0000,0, , ,0
00102,ميني اطفال طبي - Minis kids eyeglasses, ,0,2,0,0, , ,0, , ,0
00103,VTO 449 0H60 135 - Tous, ,390,1,390,390, , ,0, , ,0
00103,عدسة طبية - medical Lens, ,120,1,120,120,معافاة (0%),0.0000,0, , ,0
00104,نظارة قراءة - Reading glasses, ,50,1,50,50, , ,0, , ,0
00105,نظارة قراءة - Reading glasses, ,70,1,70,70, , ,0, , ,0
00106,سبيكترا شمسي - Spectra Sunglasses, ,80,1,80,80, , ,0, , ,0
00107,CA 8054/S 807IR - CARRERA, ,1250,1,1250,1250, , ,0, , ,0
00107,عدسة طبية - medical Lens, ,1550,1,1550,1550,معافاة (0%),0.0000,0, , ,0
00108,CA 8054/S 807IR - CARRERA, ,550,1,550,550, , ,0, , ,0
00108,L 2841 424 150 - Lacoste, ,450,1,450,450, , ,0, , ,0
00108,عدسة طبية - medical Lens, ,270,1,270,270,معافاة (0%),0.0000,0, , ,0
00109,VPLG70-CL0Z42 - Police, ,600,1,600,600, , ,0, , ,0
00109,عدسة طبية - medical Lens, ,550,1,550,550,معافاة (0%),0.0000,0, , ,0
00110,VPLG70-CL0Z42 - Police, ,1300,1,1300,1300, , ,0, , ,0
00110,عدسة طبية - medical Lens, ,750,1,750,750,معافاة (0%),0.0000,0, , ,0
00111,ميني اطفال طبي - Minis kids eyeglasses, ,100,1,100,100, , ,0, , ,0
00111,عدسة طبية - medical Lens, ,70,1,70,70,معافاة (0%),0.0000,0, , ,0
00112,سبيكترا شمسي - Spectra Sunglasses, ,80,1,80,80, , ,0, , ,0
00113,ميني اطفال طبي - Minis kids eyeglasses, ,100,1,100,100, , ,0, , ,0
00114,PARADO, ,250,1,250,250, , ,0, , ,0
00114,كي اكتور نظارة شمسية  - K Actor sunglasses, ,250,1,250,250, , ,0, , ,0
00115,نظارة قراءة - Reading glasses, ,50,1,50,50, , ,0, , ,0
00116,عدسة طبية - medical Lens, ,70,7,490,490,معافاة (0%),0.0000,0, , ,0
00117,عدسة طبية - medical Lens, ,80,1,80,80,معافاة (0%),0.0000,0, , ,0
00118,ميني اطفال طبي - Minis kids eyeglasses, ,100,1,100,100, , ,0, , ,0
00119,سبيكترا شمسي -  Spectra Sanglasses, ,100,1,100,100, , ,0, , ,0
00119,عدسة طبية - medical Lens, ,140,1,140,140,معافاة (0%),0.0000,0, , ,0
00120,عدسة طبية - medical Lens, ,130,1,130,130,معافاة (0%),0.0000,0, , ,0
00121,L 6065S 035 - Lacoste, ,490,1,490,490, , ,0, , ,0
00121,ماي كلور نظارة شمسية - My Cloror ssunglasses, ,225,1,225,225, , ,0, , ,0
00122,عدسة تجميل - Cosmetic Cens, ,140,1,140,140,معافاة (0%),0.0000,0, , ,0
00123,سبيكترا شمسي - Spectra Sunglasses, ,100,1,100,100, , ,0, , ,0
00123,عدسة طبية - medical Lens, ,190,1,190,190,معافاة (0%),0.0000,0, , ,0
00124,كي اكتور نظارة شمسية  - K Actor sunglasses, ,225,1,225,225, , ,0, , ,0
00124,عدسة طبية - medical Lens, ,125,1,125,125,معافاة (0%),0.0000,0, , ,0
00125,عدسة طبية - medical Lens, ,140,1,140,140,معافاة (0%),0.0000,0, , ,0
00126,CK 20303 605 140 - Calvin Klein, ,435,1,435,435, , ,0, , ,0
00127,ميني اطفال طبي - Minis kids eyeglasses, ,100,1,100,100, , ,0, , ,0
00128,L 997S 401 - Lacoste, ,490,1,490,490, , ,0, , ,0
00129,سبيكترا شمسي - Spectra Sunglasses, ,100,1,100,100, , ,0, , ,0
00129,عدسة طبية - medical Lens, ,80,1,80,80,معافاة (0%),0.0000,0, , ,0
00130,ماي كلور نظارة شمسية - My Cloror ssunglasses, ,225,1,225,225, , ,0, , ,0
00131,PARADO, ,250,1,250,250, , ,0, , ,0
00132,CA 3008 807 140 - Carrera, ,580,1,580,580, , ,0, , ,0
00133,VPLN16-CL0703Y - police, ,415,1,415,415,معافاة (0%),0.0000,0, , ,0
00133,عدسة طبية - medical Lens, ,150,1,150,150,معافاة (0%),0.0000,0, , ,0
00134,عدسة طبية - medical Lens, ,70,1,70,70,معافاة (0%),0.0000,0, , ,0
00135,عدسة طبية - medical Lens, ,80,1,80,80,معافاة (0%),0.0000,0, , ,0
00136,ميني اطفال طبي - Minis kids eyeglasses, ,100,1,100,100, , ,0, , ,0
00136,عدسة طبية - medical Lens, ,80,1,80,80,معافاة (0%),0.0000,0, , ,0
00137,عدسة طبية - medical Lens, ,80,1,80,80,معافاة (0%),0.0000,0, , ,0
00138,صيانة نظارة - Eyeglasses repair, ,20,1,20,20,معافاة (0%),0.0000,0, , ,0
00139,نظارة قراءة - Reading glasses, ,50,1,50,50, , ,0, , ,0
00140,سبيكترا شمسي - Spectra Sunglasses, ,100,1,100,100, , ,0, , ,0
00140,عدسة طبية - medical Lens, ,60,1,60,60,معافاة (0%),0.0000,0, , ,0
00141,فاتورة تامين, ,150,1,150,150, , ,0, , ,0
00142,عدسة طبية - medical Lens, ,190,1,190,190,معافاة (0%),0.0000,0, , ,0
00143,VFI A15 0508 145 - Fila, ,300,1,300,300, , ,0, , ,0
00143,عدسة طبية - medical Lens, ,100,1,100,100,معافاة (0%),0.0000,0, , ,0
00144,سبيكترا شمسي - Spectra Sunglasses, ,100,1,100,100, , ,0, , ,0
00144,عدسة طبية - medical Lens, ,100,1,100,100,معافاة (0%),0.0000,0, , ,0
00145,JC 269 DXF 145 - Jimmy Choo, ,700,1,700,700, , ,0, , ,0
00145,عدسة طبية - medical Lens, ,500,1,500,500,معافاة (0%),0.0000,0, , ,0
00146,سبيكترا شمسي -  Spectra Sanglasses, ,90,1,90,90, , ,0, , ,0
00147,عدسة تجميل - Cosmetic Cens, ,140,1,140,140,معافاة (0%),0.0000,0, , ,0
00148,سبيكترا شمسي - Spectra Sunglasses, ,0,1,0,0, , ,0, , ,0
00148,ميني اطفال طبي - Minis kids eyeglasses, ,0,2,0,0, , ,0, , ,0
00148,عدسة طبية - medical Lens, ,50,1,50,50,معافاة (0%),0.0000,0, , ,0
00149,VFI A15 08H5 145 - Fila, ,270,1,270,270, , ,0, , ,0
00149,عدسة طبية - medical Lens, ,70,1,70,70,معافاة (0%),0.0000,0, , ,0
00150,عدسة طبية - medical Lens, ,650,1,650,650,معافاة (0%),0.0000,0, , ,0
00151,عدسة طبية - medical Lens, ,90,1,90,90,معافاة (0%),0.0000,0, , ,0
00152,عدسة طبية - medical Lens, ,120,1,120,120,معافاة (0%),0.0000,0, , ,0
00153,سبيكترا شمسي - Spectra Sunglasses, ,70,1,70,70, , ,0, , ,0
00153,عدسة طبية - medical Lens, ,100,1,100,100,معافاة (0%),0.0000,0, , ,0
00154,عدسة طبية - medical Lens, ,200,1,200,200,معافاة (0%),0.0000,0, , ,0
00155,كي اكتور نظارة شمسية  - K Actor sunglasses, ,225,1,225,225, , ,0, , ,0
00156,STO C81 0700 - Tous, ,360,1,360,360, , ,0, , ,0
00157,عدسة طبية - medical Lens, ,90,1,90,90,معافاة (0%),0.0000,0, , ,0
00158,سبيكترا شمسي - Spectra Sunglasses, ,80,1,80,80, , ,0, , ,0
00158,عدسة طبية - medical Lens, ,40,1,40,40,معافاة (0%),0.0000,0, , ,0
00159,سبيكترا شمسي - Spectra Sunglasses, ,70,1,70,70, , ,0, , ,0
00160,عدسة تجميل - Cosmetic Cens, ,130,1,130,130,معافاة (0%),0.0000,0, , ,0
00161,عدسة طبية - medical Lens, ,120,1,120,120,معافاة (0%),0.0000,0, , ,0
00162,عدسة طبية - medical Lens, ,250,1,250,250,معافاة (0%),0.0000,0, , ,0
00163,ميني اطفال طبي - Minis kids eyeglasses, ,100,1,100,100, , ,0, , ,0
00163,عدسة طبية - medical Lens, ,80,1,80,80,معافاة (0%),0.0000,0, , ,0
00164,كي اكتور نظارة شمسية  - K Actor sunglasses, ,250,1,250,250, , ,0, , ,0
00164,عدسة طبية - medical Lens, ,300,1,300,300,معافاة (0%),0.0000,0, , ,0
00165,RB 6433 3041 145 - Ray-Ban, ,385,1,385,385, , ,0, , ,0
00166,عدسة طبية - medical Lens, ,170,1,170,170,معافاة (0%),0.0000,0, , ,0
00167,سبيكترا شمسي - Spectra Sunglasses, ,90,2,180,180, , ,0, , ,0
00167,عدسة طبية - medical Lens, ,180,1,180,180,معافاة (0%),0.0000,0, , ,0
00168,سبيكترا شمسي - Spectra Sunglasses, ,75,1,75,75, , ,0, , ,0
00168,عدسة طبية - medical Lens, ,100,1,100,100,معافاة (0%),0.0000,0, , ,0
00169,SPLP27-CL300K - Police, ,550,1,550,550, , ,0, , ,0
00170,ماي كلور نظارة شمسية - My Cloror ssunglasses, ,225,1,225,225, , ,0, , ,0
00171,CK 19151 306 145 - Calvin Klein, ,410,1,410,410, , ,0, , ,0
00171,عدسة طبية - medical Lens, ,200,1,200,200,معافاة (0%),0.0000,0, , ,0
00172,CK 19151 306 145 - Calvin Klein, ,410,1,410,410, , ,0, , ,0
00172,عدسة طبية - medical Lens, ,200,1,200,200,معافاة (0%),0.0000,0, , ,0
00173,عدسة طبية - medical Lens, ,80,1,80,80,معافاة (0%),0.0000,0, , ,0
00173,ميني اطفال طبي - Minis kids eyeglasses, ,100,1,100,100, , ,0, , ,0
00174,عدسة طبية - medical Lens, ,350,1,350,350,معافاة (0%),0.0000,0, , ,0
00175,CA 278/S 2M2IR - CARRERA, ,550,1,550,550, , ,0, , ,0
00176,عدسة طبية - medical Lens, ,200,1,200,200,معافاة (0%),0.0000,0, , ,0
00177,عدسة طبية - medical Lens, ,100,1,100,100,معافاة (0%),0.0000,0, , ,0
00177,سبيكترا شمسي - Spectra Sunglasses, ,100,1,100,100, , ,0, , ,0
00178,ميني اطفال طبي - Minis kids eyeglasses, ,100,4,400,400, , ,0, , ,0
00178,عدسة طبية - medical Lens, ,100,1,100,100,معافاة (0%),0.0000,0, , ,0
00179,سبيكترا شمسي - Spectra Sunglasses, ,100,1,100,100, , ,0, , ,0
00179,عدسة طبية - medical Lens, ,60,1,60,60,معافاة (0%),0.0000,0, , ,0
00180,عدسة طبية - medical Lens, ,550,1,550,550,معافاة (0%),0.0000,0, , ,0
00181,عدسة طبية - medical Lens, ,145,1,145,145,معافاة (0%),0.0000,0, , ,0
00181,كي اكتور نظارة شمسية  - K Actor sunglasses, ,225,1,225,225, , ,0, , ,0
00182,CV1012 CL001 - Converse, ,390,1,390,390,معافاة (0%),0.0000,0, , ,0
00182,CV1012 CL045 - Converse, ,390,1,390,390,معافاة (0%),0.0000,0, , ,0
00182,عدسة طبية - medical Lens, ,120,1,120,120,معافاة (0%),0.0000,0, , ,0
00183,كي اكتور نظارة شمسية  - K Actor sunglasses, ,225,1,225,225, , ,0, , ,0
00183,عدسة طبية - medical Lens, ,150,1,150,150,معافاة (0%),0.0000,0, , ,0
00184,SPLP33V-CL0703 - Police, ,500,1,500,500, , ,0, , ,0
00185,عدسة طبية - medical Lens, ,70,1,70,70,معافاة (0%),0.0000,0, , ,0
00186,عدسة طبية - medical Lens, ,190,1,190,190,معافاة (0%),0.0000,0, , ,0
00187,نظارة شمسية - Sunglasses, ,100,1,100,100,معافاة (0%),0.0000,0, , ,0
00188,SFI 456 0K56 - Fila, ,265,1,265,265, , ,0, , ,0
00189,عدسة طبية - medical Lens, ,1300,1,1300,1300,معافاة (0%),0.0000,0, , ,0
00190,L.J 780S 001 - Liu.Jo, ,480,1,480,480, , ,0, , ,0
00191,عدسة طبية - medical Lens, ,80,1,80,80,معافاة (0%),0.0000,0, , ,0
00192,CA 1045/S 807IR - CARRERA,CA 1045/S 807IR - CARRERA,465,1,232.5,232.5, , ,0, , ,0
00193,SPLQ80V CL U28P - Police, ,980,1,980,980,معافاة (0%),0.0000,0, , ,0
00194,عدسة طبية - medical Lens, ,60,1,60,60,معافاة (0%),0.0000,0, , ,0
00195,كي اكتور نظارة شمسية  - K Actor sunglasses, ,225,1,225,225, , ,0, , ,0
00195,عدسة طبية - medical Lens, ,100,1,100,100,معافاة (0%),0.0000,0, , ,0
00196,SPLQ80V CL U28P - Police, ,980,1,490,490,معافاة (0%),0.0000,0, , ,0
00197,CA 1045/S 003WJ - CARRERA, ,432,1,432,432, , ,0, , ,0
00198,VTO B27 099N 135 - Tous, ,780,1,390,390, , ,0, , ,0
00198,عدسة طبية - medical Lens, ,190,1,190,190,معافاة (0%),0.0000,0, , ,0
00199,كي اكتور نظارة شمسية  - K Actor sunglasses, ,225,1,225,225, , ,0, , ,0
00199,عدسة طبية - medical Lens, ,175,1,175,175,معافاة (0%),0.0000,0, , ,0
00200,ماي كلور نظارة شمسية - My Cloror ssunglasses, ,450,1,225,225, , ,0, , ,0
00201,عدسة طبية - medical Lens, ,160,1,160,160,معافاة (0%),0.0000,0, , ,0
00202,كي اكتور نظارة شمسية  - K Actor sunglasses, ,450,1,225,225, , ,0, , ,0
00202,عدسة طبية - medical Lens, ,130,1,130,130,معافاة (0%),0.0000,0, , ,0
00203,عدسة طبية - medical Lens, ,130,1,130,130,معافاة (0%),0.0000,0, , ,0
00204,EDNA/S 80790 - Jimmy Choo, ,640,1,640,640, , ,0, , ,0
00205,عدسة تجميل - Cosmetic Cens, ,170,1,170,170,معافاة (0%),0.0000,0, , ,0
00206,CV106S CL045 - CONVERSE, ,600,1,300,300,معافاة (0%),0.0000,0, , ,0
00207,كي اكتور نظارة شمسية  - K Actor sunglasses, ,450,1,225,225, , ,0, , ,0
00208,STO B89 0700 - Tous, ,900,1,450,450, , ,0, , ,0
00208,STO C82 0700 - Tous, ,900,1,450,450, , ,0, , ,0
00209,سبيكترا شمسي -  Spectra Sanglasses, ,100,1,100,100, , ,0, , ,0
00210,L.J 788S 601 - Liu.Jo, ,405,1,405,405, , ,0, , ,0
00210,UFIA90 CLJ97P - Fila, ,300,1,300,300,معافاة (0%),0.0000,0, , ,0
00211,عدسة طبية - medical Lens, ,1,1,1,1,معافاة (0%),0.0000,0, , ,0
00212,عدسة طبية - medical Lens, ,140,1,140,140,معافاة (0%),0.0000,0, , ,0
00213,CA 1045/S 807IR - CARRERA,CA 1045/S 807IR - CARRERA,860,1,430,430, , ,0, , ,0
00214,L 260S 038 - Lacoste, ,980,1,490,490, , ,0, , ,0
00215,عدسة طبية - medical Lens, ,70,1,70,70,معافاة (0%),0.0000,0, , ,0
00216,سبيكترا شمسي - Spectra Sunglasses, ,100,1,100,100, , ,0, , ,0
00216,عدسة طبية - medical Lens, ,140,1,140,140,معافاة (0%),0.0000,0, , ,0
00217,CA 1045/S 807IR - CARRERA, ,930,1,465,465, , ,0, , ,0
00218,سبيكترا شمسي -  Spectra Sanglasses, ,100,1,100,100, , ,0, , ,0
00219,SFI 895 0U28 - Fila, ,300,1,300,300, , ,0, , ,0
00220,عدسة طبية - medical Lens, ,200,1,200,200,معافاة (0%),0.0000,0, , ,0
00220,نظارة طبية - Eyeglasses, ,100,1,100,100,معافاة (0%),0.0000,0, , ,0
00221,عدسة طبية - medical Lens, ,75,1,75,75,معافاة (0%),0.0000,0, , ,0
00222,VTO B63 0700 135 - Tous, ,390,1,390,390, , ,0, , ,0
00222,عدسة طبية - medical Lens, ,310,1,310,310,معافاة (0%),0.0000,0, , ,0
00223,PARADO, ,225,1,225,225, , ,0, , ,0
00224,ميني اطفال طبي - Minis kids eyeglasses, ,100,1,100,100, , ,0, , ,0
00224,عدسة طبية - medical Lens, ,100,1,100,100,معافاة (0%),0.0000,0, , ,0
00225,عدسة طبية - medical Lens, ,150,1,150,150,معافاة (0%),0.0000,0, , ,0
00226,SFI A11 0703 - Fila, ,290,1,290,290, , ,0, , ,0
00226,سبيكترا شمسي -  Spectra Sanglasses, ,100,1,100,100, , ,0, , ,0
00227,سبيكترا شمسي - Spectra Sunglasses, ,100,1,100,100, , ,0, , ,0
00227,عدسة طبية - medical Lens, ,70,2,140,140,معافاة (0%),0.0000,0, , ,0
00228,CK 21125 200 140 - Calvin Klein, ,870,1,435,435, , ,0, , ,0
00228,عدسة طبية - medical Lens, ,120,1,120,120,معافاة (0%),0.0000,0, , ,0
00229,SPLE37V CL700K - Police,SPLE37V CL700K - Police,450,1,450,450,معافاة (0%),0.0000,0, , ,0
00230,سبيكترا شمسي - Spectra Sunglasses, ,100,1,100,100, , ,0, , ,0
00230,عدسة طبية - medical Lens, ,250,1,250,250,معافاة (0%),0.0000,0, , ,0
00230,عدسة تجميل - Cosmetic Cens, ,140,1,140,140,معافاة (0%),0.0000,0, , ,0
00231,سبيكترا شمسي - Spectra Sunglasses, ,100,1,100,100, , ,0, , ,0
00231,عدسة طبية - medical Lens, ,50,1,50,50,معافاة (0%),0.0000,0, , ,0
00232,عدسة طبية - medical Lens, ,120,1,120,120,معافاة (0%),0.0000,0, , ,0
00233,عدسة طبية - medical Lens, ,180,1,180,180,معافاة (0%),0.0000,0, , ,0
00234,SPLR78 CL0700 - Police, ,0,1,0,0,معافاة (0%),0.0000,0, , ,0
00235,عدسة طبية - medical Lens, ,70,1,70,70,معافاة (0%),0.0000,0, , ,0
00236,SPLR78 CL0700 - Police, ,980,1,392,392,معافاة (0%),0.0000,0, , ,0
00237,عدسة طبية - medical Lens, ,650,1,650,650,معافاة (0%),0.0000,0, , ,0
00238,VFIA96 CL0805 - Fila, ,560,1,280,280,معافاة (0%),0.0000,0, , ,0
00238,عدسة طبية - medical Lens, ,270,1,270,270,معافاة (0%),0.0000,0, , ,0
00239,كي اكتور نظارة شمسية  - K Actor sunglasses, ,225,1,225,225, , ,0, , ,0
00239,عدسة طبية - medical Lens, ,200,1,200,200,معافاة (0%),0.0000,0, , ,0
00240,CA 278/S 2M2IR - CARRERA, ,930,1,465,465, , ,0, , ,0
00241,SPLQ91 CL0509 - Police, ,392,1,392,392,معافاة (0%),0.0000,0, , ,0
00242,SFI 729 627P - Fila, ,340,1,340,340, , ,0, , ,0
00243,L 982S 301 - Lacoste,L 982S 301 - Lacoste,520,1,520,520, , ,0, , ,0
00244,سبيكترا شمسي - Spectra Sunglasses, ,100,1,100,100, , ,0, , ,0
00245,CA 1058/S 80790 - CARRERA, ,950,1,475,475, , ,0, , ,0
00246,سبيكترا شمسي - Spectra Sunglasses, ,100,1,100,100, , ,0, , ,0
00246,عدسة طبية - medical Lens, ,120,1,120,120,معافاة (0%),0.0000,0, , ,0
00247,L 2936 002 145 - Lacoste, ,800,1,400,400, , ,0, , ,0
00247,عدسة طبية - medical Lens, ,50,1,50,50,معافاة (0%),0.0000,0, , ,0
00248,VTO B28 06YW 140 - Tous, ,780,1,390,390, , ,0, , ,0
00249,عدسة طبية - medical Lens, ,100,1,100,100,معافاة (0%),0.0000,0, , ,0
00250,L 2268 615 140 - Lacoste, ,410,1,410,410, , ,0, , ,0
00250,عدسة طبية - medical Lens, ,440,1,440,440,معافاة (0%),0.0000,0, , ,0
00251,UFIA89 CL6QSP - Fila, ,600,1,300,300,معافاة (0%),0.0000,0, , ,0
00251,عدسة طبية - medical Lens, ,100,1,100,100,معافاة (0%),0.0000,0, , ,0
00252,عدسة طبية - medical Lens, ,200,1,200,200,معافاة (0%),0.0000,0, , ,0
00253,STO C35 0700 - Tous, ,900,1,450,450, , ,0, , ,0
00254,عدسة طبية - medical Lens, ,140,1,140,140,معافاة (0%),0.0000,0, , ,0
00255,SPLL78 -CL0584 - Police, ,920,1,460,460, , ,0, , ,0
00256,TH 1832 003 145 - Tommy Hilfiger, ,840,1,420,420, , ,0, , ,0
00256,عدسة طبية - medical Lens, ,580,1,580,580,معافاة (0%),0.0000,0, , ,0
00257,UFIA89 CL28P - Fila, ,600,1,300,300,معافاة (0%),0.0000,0, , ,0
00257,عدسة طبية - medical Lens, ,550,1,550,550,معافاة (0%),0.0000,0, , ,0
00258,ميني اطفال طبي - Minis kids eyeglasses, ,100,1,100,100, , ,0, , ,0
00258,عدسة طبية - medical Lens, ,100,1,100,100,معافاة (0%),0.0000,0, , ,0
00258,سبيكترا شمسي -  Spectra Sanglasses, ,100,3,300,300, , ,0, , ,0
00259,SFI 891 0700 - Fila, ,580,1,290,290, , ,0, , ,0
00260,4416 6721/51 - Ray-Ban, ,1000,1,500,500, , ,0, , ,0
00260,STO C35 0743 - Tous, ,900,1,450,450, , ,0, , ,0
00261,FE 40099F 01B - Fendi, ,1750,1,875,875, , ,0, , ,0
00262,ميني اطفال طبي - Minis kids eyeglasses, ,100,1,100,100, , ,0, , ,0
00262,عدسة طبية - medical Lens, ,140,1,140,140,معافاة (0%),0.0000,0, , ,0
00263,عدسة طبية - medical Lens, ,35,1,35,35,معافاة (0%),0.0000,0, , ,0
00264,عدسة طبية - medical Lens, ,35,1,35,35,معافاة (0%),0.0000,0, , ,0
00265,SFI891 CL0700 - Fila, ,600,1,300,300,معافاة (0%),0.0000,0, , ,0
00265,سبيكترا شمسي - Spectra Sunglasses, ,100,1,100,100, , ,0, , ,0
00265,عدسة طبية - medical Lens, ,140,1,140,140,معافاة (0%),0.0000,0, , ,0
00265,ماي كلور نظارة شمسية - My Cloror ssunglasses, ,450,1,225,225, , ,0, , ,0
00266,كي اكتور نظارة شمسية  - K Actor sunglasses, ,450,1,225,225, , ,0, , ,0
00266,عدسة طبية - medical Lens, ,175,1,175,175,معافاة (0%),0.0000,0, , ,0
00267,عدسة طبية - medical Lens, ,170,1,170,170,معافاة (0%),0.0000,0, , ,0
00268,عدسة طبية - medical Lens, ,80,1,80,80,معافاة (0%),0.0000,0, , ,0
00268,نظارة قراءة - Reading glasses, ,60,1,60,60, , ,0, , ,0
00269,عدسة طبية - medical Lens, ,50,1,50,50,معافاة (0%),0.0000,0, , ,0
00270,سبيكترا شمسي - Spectra Sunglasses, ,150,1,150,150, , ,0, , ,0
00270,عدسة طبية - medical Lens, ,80,1,80,80,معافاة (0%),0.0000,0, , ,0
00271,سبيكترا شمسي - Spectra Sunglasses, ,150,1,150,150, , ,0, , ,0
00271,عدسة طبية - medical Lens, ,150,1,150,150,معافاة (0%),0.0000,0, , ,0
00272,CK 22100  001 - CALVIN KLEIN, ,870,1,696,696,معافاة (0%),0.0000,0, , ,0
00272,عدسة طبية - medical Lens, ,804,1,804,804,معافاة (0%),0.0000,0, , ,0
00273,عدسة طبية - medical Lens, ,650,1,650,650,معافاة (0%),0.0000,0, , ,0
00274,عدسة طبية - medical Lens, ,180,1,180,180,معافاة (0%),0.0000,0, , ,0
00275,عدسة طبية - medical Lens, ,100,1,100,100,معافاة (0%),0.0000,0, , ,0
00275,VANTOM, ,450,1,225,225, , ,0,معافاة (0%),0.0000,0
00276,عدسة طبية - medical Lens, ,100,1,100,100,معافاة (0%),0.0000,0, , ,0
00277,نظارة قراءة - Reading glasses, ,50,2,100,100, , ,0, , ,0
00278,عدسة تجميل - Cosmetic Cens, ,140,1,140,140,معافاة (0%),0.0000,0, , ,0
00279,سبيكترا شمسي - Spectra Sunglasses, ,150,1,150,150, , ,0, , ,0
00279,عدسة طبية - medical Lens, ,100,1,100,100,معافاة (0%),0.0000,0, , ,0
00280,عدسة طبية - medical Lens, ,150,1,150,150,معافاة (0%),0.0000,0, , ,0
00281,عدسة طبية - medical Lens, ,1000,1,1000,1000,معافاة (0%),0.0000,0, , ,0
00282,L 6018S 424 - Lacoste, ,900,1,450,450, , ,0, , ,0
00282,عدسة طبية - medical Lens, ,100,1,100,100,معافاة (0%),0.0000,0, , ,0
00283,CA 293 807 150 - Carrera, ,650,1,650,650, , ,0, , ,0
00283,عدسة طبية - medical Lens, ,100,1,100,100,معافاة (0%),0.0000,0, , ,0
00284,TH 1572/S KJ1IR - Tommy Hilfiger, ,950,1,475,475, , ,0, , ,0
00285,ميني اطفال طبي - Minis kids eyeglasses, ,99,1,99,99, , ,0, , ,0
00286,عدسة طبية - medical Lens, ,120,2,240,240,معافاة (0%),0.0000,0, , ,0
00287,VANTOM, ,225,1,225,225, , ,0,معافاة (0%),0.0000,0
00287,عدسة طبية - medical Lens, ,240,1,240,240,معافاة (0%),0.0000,0, , ,0
00288,نظارة قراءة - Reading glasses, ,70,1,70,70, , ,0, , ,0
00288,نظارة قراءة - Reading glasses, ,55,1,55,55, , ,0, , ,0
00289,كي اكتور نظارة شمسية  - K Actor sunglasses, ,225,1,225,225, , ,0, , ,0
00289,عدسة طبية - medical Lens, ,125,1,125,125,معافاة (0%),0.0000,0, , ,0
00290,عدسة طبية - medical Lens, ,250,1,250,250,معافاة (0%),0.0000,0, , ,0
00291,SPLR73 CL579Y - Police, ,980,1,784,784,معافاة (0%),0.0000,0, , ,0
00291,ماي كلور نظارة شمسية - My Cloror ssunglasses, ,450,1,360,360, , ,0, , ,0
00292,عدسة طبية - medical Lens, ,650,1,650,650,معافاة (0%),0.0000,0, , ,0
00293,سبيكترا شمسي - Spectra Sunglasses, ,100,1,100,100, , ,0, , ,0
00293,عدسة طبية - medical Lens, ,200,1,200,200,معافاة (0%),0.0000,0, , ,0
00294,سبيكترا شمسي - Spectra Sunglasses, ,130,1,0,0, , ,0, , ,0
00294,عدسة طبية - medical Lens, ,70,1,0,0,معافاة (0%),0.0000,0, , ,0
00295,سبيكترا شمسي - Spectra Sunglasses, ,130,1,130,130, , ,0, , ,0
00295,عدسة طبية - medical Lens, ,70,1,70,70,معافاة (0%),0.0000,0, , ,0
00296,منتج تجريبي,منتج تجريبي,50,1,50,50, , ,0, , ,0
00297,ميني اطفال طبي - Minis kids eyeglasses, ,100,1,100,100, , ,0, , ,0
00298,سبيكترا شمسي - Spectra Sunglasses, ,150,1,150,150, , ,0, , ,0
00298,عدسة طبية - medical Lens, ,190,1,190,190,معافاة (0%),0.0000,0, , ,0
00299,سبيكترا شمسي - Spectra Sunglasses, ,100,1,100,100, , ,0, , ,0
00299,عدسة طبية - medical Lens,1,120,1,120,120,معافاة (0%),0.0000,0, , ,0
00300,VANTOM, ,250,1,250,250, , ,0,معافاة (0%),0.0000,0
00300,سبيكترا شمسي - Spectra Sunglasses, ,140,2,280,280, , ,0, , ,0
00301,3073 695/55 - Arntte, ,200,1,200,200, , ,0, , ,0
00302,ميني اطفال طبي - Minis kids eyeglasses, ,100,1,100,100, , ,0, , ,0
00303,سبيكترا شمسي - Spectra Sunglasses, ,100,1,100,100, , ,0, , ,0
00304,L 2275E 001 145 - Lacoste, ,800,1,400,400, , ,0, , ,0
00304,عدسة طبية - medical Lens, ,100,1,100,100,معافاة (0%),0.0000,0, , ,0
00305,ميني اطفال طبي - Minis kids eyeglasses, ,80,1,80,80, , ,0, , ,0
00305,عدسة طبية - medical Lens, ,200,1,200,200,معافاة (0%),0.0000,0, , ,0
00306,عدسة طبية - medical Lens, ,140,1,140,140,معافاة (0%),0.0000,0, , ,0
00307,ميني اطفال طبي - Minis kids eyeglasses, ,100,1,100,100, , ,0, , ,0
00308,سبيكترا شمسي - Spectra Sunglasses, ,150,1,150,150, , ,0, , ,0
00308,عدسة طبية - medical Lens, ,150,1,150,150,معافاة (0%),0.0000,0, , ,0
00309,L 6018S 424 - Lacoste, ,900,1,450,450, , ,0, , ,0
00310,سبيكترا شمسي - Spectra Sunglasses, ,150,1,150,150, , ,0, , ,0
00310,عدسة طبية - medical Lens, ,100,1,100,100,معافاة (0%),0.0000,0, , ,0
00311,RA 7150 5001 145 - Polo Ralph Lauren, ,600,1,600,600, , ,0, , ,0
00311,عدسة طبية - medical Lens, ,600,1,600,600,معافاة (0%),0.0000,0, , ,0
00312,CV5089 CL001 - Converse, ,400,1,400,400,معافاة (0%),0.0000,0, , ,0
00312,عدسة طبية - medical Lens, ,100,1,100,100,معافاة (0%),0.0000,0, , ,0
00313,كي اكتور نظارة شمسية  - K Actor sunglasses, ,450,1,225,225, , ,0, , ,0
00313,عدسة طبية - medical Lens, ,75,1,75,75,معافاة (0%),0.0000,0, , ,0
00314,عدسة طبية - medical Lens, ,90,1,90,90,معافاة (0%),0.0000,0, , ,0
00315,عدسة طبية - medical Lens, ,100,1,100,100,معافاة (0%),0.0000,0, , ,0
00316,نظارة قراءة - Reading glasses, ,50,1,50,50, , ,0, , ,0
00317,عدسة طبية - medical Lens, ,875,1,875,875,معافاة (0%),0.0000,0, , ,0
00317,VANTOM, ,225,1,225,225, , ,0,معافاة (0%),0.0000,0
00318,عدسة تجميل - Cosmetic Cens, ,120,1,120,120,معافاة (0%),0.0000,0, , ,0
00319,SPLE37V CL700Z - Police, ,650,1,650,650,معافاة (0%),0.0000,0, , ,0
00319,سبيكترا شمسي - Spectra Sunglasses, ,100,1,100,100, , ,0, , ,0
00319,عدسة طبية - medical Lens, ,170,1,170,170,معافاة (0%),0.0000,0, , ,0
00320,سبيكترا شمسي -  Spectra Sanglasses, ,150,1,150,150, , ,0, , ,0
00321,سبيكترا شمسي - Spectra Sunglasses, ,100,1,100,100, , ,0, , ,0
00321,عدسة طبية - medical Lens, ,600,1,600,600,معافاة (0%),0.0000,0, , ,0
00322,SPLR73 CL0302 - Police, ,980,1,735,735,معافاة (0%),0.0000,0, , ,0
00323,سبيكترا شمسي -  Spectra Sanglasses, ,150,1,150,150, , ,0, , ,0
00324,سبيكترا شمسي - Spectra Sunglasses, ,150,1,150,150, , ,0, , ,0
00325,ماي كلور نظارة شمسية - My Cloror ssunglasses, ,450,1,225,225, , ,0, , ,0
00326,ماي كلور نظارة شمسية - My Cloror ssunglasses, ,250,1,250,250, , ,0, , ,0
00326,سبيكترا شمسي -  Spectra Sanglasses, ,100,2,200,200, , ,0, , ,0
00326,عدسة طبية - medical Lens, ,400,1,400,400,معافاة (0%),0.0000,0, , ,0
00327,نظارة قراءة - Reading glasses, ,50,1,50,50, , ,0, , ,0
00328,سبيكترا شمسي - Spectra Sunglasses, ,100,1,100,100, , ,0, , ,0
00328,عدسة طبية - medical Lens, ,100,1,100,100,معافاة (0%),0.0000,0, , ,0
00329,VFI990 CL0703 - Fila, ,450,1,450,450,معافاة (0%),0.0000,0, , ,0
00329,عدسة طبية - medical Lens, ,150,1,150,150,معافاة (0%),0.0000,0, , ,0
00330,عدسة تجميل - Cosmetic Cens, ,280,1,280,280,معافاة (0%),0.0000,0, , ,0
00330,سبيكترا شمسي - Spectra Sunglasses, ,80,1,80,80, , ,0, , ,0
00331,سبيكترا شمسي - Spectra Sunglasses, ,100,1,100,100, , ,0, , ,0
00331,عدسة طبية - medical Lens, ,120,1,120,120,معافاة (0%),0.0000,0, , ,0
00332,عدسة تجميل - Cosmetic Cens, ,140,2,280,280,معافاة (0%),0.0000,0, , ,0
00332,عدسة طبية - medical Lens, ,100,1,100,100,معافاة (0%),0.0000,0, , ,0
00333,سبيكترا شمسي - Spectra Sunglasses, ,150,1,150,150, , ,0, , ,0
00333,عدسة طبية - medical Lens, ,250,1,250,250,معافاة (0%),0.0000,0, , ,0
00334,نظارة قراءة - Reading glasses, ,90,1,90,90, , ,0, , ,0
00335,سبيكترا شمسي - Spectra Sunglasses, ,100,1,100,100, , ,0, , ,0
00335,عدسة طبية - medical Lens, ,150,1,150,150,معافاة (0%),0.0000,0, , ,0
00336,VANTOM, ,225,1,225,225, , ,0,معافاة (0%),0.0000,0
00337,ميني اطفال طبي - Minis kids eyeglasses, ,150,1,150,150, , ,0, , ,0
00338,CA 27/S 0ITWJ - CARRERA, ,950,1,665,665, , ,0, , ,0
00339,CA 27/S 0ITWJ - CARRERA, ,650,1,650,650, , ,0, , ,0
00340,SPLL15-CLV78B - Police, ,400,1,400,400, , ,0, , ,0
00340,سبيكترا شمسي -  Spectra Sanglasses, ,0,1,0,0, , ,0, , ,0
00341,عدسة طبية - medical Lens, ,150,1,150,150,معافاة (0%),0.0000,0, , ,0
00342,عدسة طبية - medical Lens, ,150,1,150,150,معافاة (0%),0.0000,0, , ,0
00343,سبيكترا شمسي -  Spectra Sanglasses, ,100,1,100,100, , ,0, , ,0
00344,ميني اطفال طبي - Minis kids eyeglasses, ,100,1,100,100, , ,0, , ,0
00344,عدسة طبية - medical Lens, ,100,1,100,100,معافاة (0%),0.0000,0, , ,0
00345,عدسة طبية - medical Lens, ,120,1,120,120,معافاة (0%),0.0000,0, , ,0
00346,سبيكترا شمسي -  Spectra Sanglasses, ,99,1,99,99, , ,0, , ,0
00347,كي اكتور نظارة شمسية  - K Actor sunglasses, ,225,1,225,225, , ,0, , ,0
00348,سبيكترا شمسي -  Spectra Sanglasses, ,100,1,100,100, , ,0, , ,0
00349,عدسة طبية - medical Lens, ,80,1,80,80,معافاة (0%),0.0000,0, , ,0
00350,عدسة طبية - medical Lens, ,110,1,110,110,معافاة (0%),0.0000,0, , ,0
00351,عدسة طبية - medical Lens, ,150,1,150,150,معافاة (0%),0.0000,0, , ,0
00352,نظارة قراءة - Reading glasses, ,50,1,50,50, , ,0, , ,0
00353,سبيكترا شمسي -  Spectra Sanglasses, ,80,1,80,80, , ,0, , ,0
00354,SPLE37V CL700K - Police, ,400,1,400,400,معافاة (0%),0.0000,0, , ,0
00354,L 261S 002 - Lacoste, ,500,1,500,500, , ,0, , ,0
00354,SPLR83 CL0672 - Police, ,500,1,500,500,معافاة (0%),0.0000,0, , ,0
00355,CK 22117 009 145 - Calvin Klein, ,500,1,500,500, , ,0, , ,0
00355,عدسة طبية - medical Lens, ,850,1,850,850,معافاة (0%),0.0000,0, , ,0
00355,نظارة قراءة - Reading glasses, ,0,1,0,0, , ,0, , ,0
00356,اكسيسوار, ,30,1,30,30, , ,0, , ,0
00357,VANTOM, ,200,1,200,200, , ,0,معافاة (0%),0.0000,0
00357,عدسة طبية - medical Lens, ,150,1,150,150,معافاة (0%),0.0000,0, , ,0
00358,SFI A12V 700P - Fila, ,400,1,400,400, , ,0, , ,0
00359,عدسة طبية - medical Lens, ,80,1,80,80,معافاة (0%),0.0000,0, , ,0
00360,سبيكترا شمسي - Spectra Sunglasses, ,100,1,100,100, , ,0, , ,0
00360,عدسة طبية - medical Lens, ,50,1,50,50,معافاة (0%),0.0000,0, , ,0
00361,ميني اطفال طبي - Minis kids eyeglasses, ,100,4,400,400, , ,0, , ,0
00361,عدسة طبية - medical Lens, ,200,1,200,200,معافاة (0%),0.0000,0, , ,0
00362,SPLR74 CL0700 - Police, ,580,1,580,580,معافاة (0%),0.0000,0, , ,0
00363,عدسة طبية - medical Lens, ,650,1,650,650,معافاة (0%),0.0000,0, , ,0
00364,سبيكترا شمسي -  Spectra Sanglasses, ,100,1,100,100, , ,0, , ,0
00364,عدسة طبية - medical Lens, ,150,1,150,150,معافاة (0%),0.0000,0, , ,0
00365,ميني اطفال طبي - Minis kids eyeglasses, ,100,1,100,100, , ,0, , ,0
00365,عدسة طبية - medical Lens, ,150,1,150,150,معافاة (0%),0.0000,0, , ,0
00366,SFI890 CL0700 - Fila, ,600,1,300,300,معافاة (0%),0.0000,0, , ,0
00367,SFI890 CL0700 - Fila, ,600,1,300,300,معافاة (0%),0.0000,0, , ,0
00368,سبيكترا شمسي - Spectra Sunglasses, ,100,1,100,100, , ,0, , ,0
00368,عدسة طبية - medical Lens, ,150,1,150,150,معافاة (0%),0.0000,0, , ,0
00369,نظارة قراءة - Reading glasses, ,50,1,50,50, , ,0, , ,0
00370,ميني اطفال طبي - Minis kids eyeglasses, ,100,1,100,100, , ,0, , ,0
00370,عدسة طبية - medical Lens, ,300,1,300,300,معافاة (0%),0.0000,0, , ,0
00370,VANTOM, ,200,1,200,200, , ,0,معافاة (0%),0.0000,0
00371,ميني اطفال طبي - Minis kids eyeglasses, ,120,1,120,120, , ,0, , ,0
00372,L6014S 001 - LACOSTE, ,990,1,495,495,معافاة (0%),0.0000,0, , ,0
00373,عدسة طبية - medical Lens, ,150,1,150,150,معافاة (0%),0.0000,0, , ,0
00374,STO C82V 06RN - Tous, ,900,1,900,900, , ,0, , ,0
00375,ميني اطفال طبي - Minis kids eyeglasses, ,100,3,300,300, , ,0, , ,0
00375,عدسة طبية - medical Lens, ,300,1,300,300,معافاة (0%),0.0000,0, , ,0
00376,SFIA10 CL0568 - Fila, ,500,1,500,500,معافاة (0%),0.0000,0, , ,0
00376,سبيكترا شمسي - Spectra Sunglasses, ,100,1,100,100, , ,0, , ,0
00376,عدسة طبية - medical Lens, ,100,1,100,100,معافاة (0%),0.0000,0, , ,0
00377,SPLN33-CL0Z42 - Police, ,700,1,700,700, , ,0, , ,0
00377,عدسة طبية - medical Lens, ,100,1,100,100,معافاة (0%),0.0000,0, , ,0
00378,VANTOM, ,250,1,250,250, , ,0,معافاة (0%),0.0000,0
00378,عدسة طبية - medical Lens, ,100,1,100,100,معافاة (0%),0.0000,0, , ,0
00379,عدسة طبية - medical Lens, ,125,1,125,125,معافاة (0%),0.0000,0, , ,0
00380,عدسة تجميل - Cosmetic Cens, ,145,1,145,145,معافاة (0%),0.0000,0, , ,0
00381,كي اكتور نظارة شمسية  - K Actor sunglasses, ,250,1,250,250, , ,0, , ,0
00381,عدسة طبية - medical Lens, ,400,1,400,400,معافاة (0%),0.0000,0, , ,0
00382,عدسة طبية - medical Lens, ,70,1,70,70,معافاة (0%),0.0000,0, , ,0
00383,ميني اطفال طبي - Minis kids eyeglasses, ,100,1,100,100, , ,0, , ,0
00383,عدسة طبية - medical Lens, ,100,1,100,100,معافاة (0%),0.0000,0, , ,0
00384,سبيكترا شمسي - Spectra Sunglasses, ,100,1,100,100, , ,0, , ,0
00385,سبيكترا شمسي - Spectra Sunglasses, ,100,1,100,100, , ,0, , ,0
00385,عدسة طبية - medical Lens, ,100,1,100,100,معافاة (0%),0.0000,0, , ,0
00386,سبيكترا شمسي - Spectra Sunglasses, ,100,1,100,100, , ,0, , ,0
00386,عدسة طبية - medical Lens, ,500,1,500,500,معافاة (0%),0.0000,0, , ,0
00387,سبيكترا شمسي - Spectra Sunglasses, ,100,1,100,100, , ,0, , ,0
00387,عدسة طبية - medical Lens, ,80,1,80,80,معافاة (0%),0.0000,0, , ,0
00388,ميني اطفال طبي - Minis kids eyeglasses, ,100,3,300,300, , ,0, , ,0
00388,عدسة طبية - medical Lens, ,190,1,190,190,معافاة (0%),0.0000,0, , ,0
00389,ميني اطفال طبي - Minis kids eyeglasses, ,90,1,90,90, , ,0, , ,0
00390,عدسة تجميل - Cosmetic Cens, ,140,1,140,140,معافاة (0%),0.0000,0, , ,0
00390,عدسة طبية - medical Lens, ,100,1,100,100,معافاة (0%),0.0000,0, , ,0
00391,عدسة تجميل - Cosmetic Cens, ,145,1,145,145,معافاة (0%),0.0000,0, , ,0
00392,عدسة طبية - medical Lens, ,100,1,100,100,معافاة (0%),0.0000,0, , ,0
00393,VPLG75 CL0F68 - Police, ,840,1,840,840,معافاة (0%),0.0000,0, , ,0
00394,VPLG75 CL0F68 - Police, ,840,1,420,420,معافاة (0%),0.0000,0, , ,0
00394,عدسة طبية - medical Lens, ,80,1,80,80,معافاة (0%),0.0000,0, , ,0
00395,عدسة طبية - medical Lens, ,2700,1,2700,2700,معافاة (0%),0.0000,0, , ,0
00396,عدسة طبية - medical Lens, ,100,1,100,100,معافاة (0%),0.0000,0, , ,0
00397,عدسة طبية - medical Lens, ,400,1,400,400,معافاة (0%),0.0000,0, , ,0
00398,سبيكترا شمسي - Spectra Sunglasses, ,200,1,200,200, , ,0, , ,0
00398,عدسة طبية - medical Lens, ,100,1,100,100,معافاة (0%),0.0000,0, , ,0
00398,عدسة طبية - medical Lens, ,150,1,150,150,معافاة (0%),0.0000,0, , ,0
00399,CK22125TB - 200 - CALVIN KLEIN, ,700,1,700,700,معافاة (0%),0.0000,0, , ,0
00399,CK22125TB - 001 - CALVIN KLEIN, ,700,1,700,700,معافاة (0%),0.0000,0, , ,0
00399,عدسة طبية - medical Lens, ,200,1,200,200,معافاة (0%),0.0000,0, , ,0
00400,L6035S - 001 - LACOSTE, ,600,1,600,600,معافاة (0%),0.0000,0, , ,0
00401,عدسة تجميل - Cosmetic Cens, ,150,2,300,300,معافاة (0%),0.0000,0, , ,0
00402,ميني اطفال طبي - Minis kids eyeglasses, ,100,1,100,100, , ,0, , ,0
00402,عدسة طبية - medical Lens, ,160,1,160,160,معافاة (0%),0.0000,0, , ,0
00403,SPLR72 CL0579 - Police, ,980,1,490,490,معافاة (0%),0.0000,0, , ,0
00403,ميني اطفال طبي - Minis kids eyeglasses, ,100,1,100,100, , ,0, , ,0
00403,عدسة طبية - medical Lens, ,100,1,100,100,معافاة (0%),0.0000,0, , ,0
00404,سبيكترا شمسي -  Spectra Sanglasses, ,150,1,150,150, , ,0, , ,0
00405,JC 269 086 145 - Jimmy Choo, ,750,1,750,750, , ,0, , ,0
00405,عدسة طبية - medical Lens, ,250,1,250,250,معافاة (0%),0.0000,0, , ,0
00406,VFI 880 0700 145 - Fila, ,400,1,400,400, , ,0, , ,0
00406,عدسة طبية - medical Lens, ,150,1,150,150,معافاة (0%),0.0000,0, , ,0
00407,سبيكترا شمسي - Spectra Sunglasses, ,80,1,80,80, , ,0, , ,0
00407,عدسة طبية - medical Lens, ,170,1,170,170,معافاة (0%),0.0000,0, , ,0
00408,SPLR78 CL0706 - Police, ,400,1,400,400,معافاة (0%),0.0000,0, , ,0
00409,سبيكترا شمسي - Spectra Sunglasses, ,150,1,150,150, , ,0, , ,0
00409,عدسة طبية - medical Lens, ,150,1,150,150,معافاة (0%),0.0000,0, , ,0
00410,عدسة طبية - medical Lens, ,70,1,70,70,معافاة (0%),0.0000,0, , ,0
00411,STO B89 0700 - Tous, ,900,1,900,900, , ,0, , ,0
00412,عدسة طبية - medical Lens, ,80,1,80,80,معافاة (0%),0.0000,0, , ,0
00413,VANTOM, ,200,1,200,200, , ,0,معافاة (0%),0.0000,0
00413,عدسة طبية - medical Lens, ,100,1,100,100,معافاة (0%),0.0000,0, , ,0
00414,FE 50060I 001 - Fendi, ,900,1,900,900, , ,0, , ,0
00414,عدسة طبية - medical Lens, ,1100,1,1100,1100,معافاة (0%),0.0000,0, , ,0
00415,سبيكترا شمسي -  Spectra Sanglasses, ,75,2,150,150, , ,0, , ,0
00415,عدسة طبية - medical Lens, ,50,1,50,50,معافاة (0%),0.0000,0, , ,0
00416,سبيكترا شمسي - Spectra Sunglasses, ,240,1,240,240, , ,0, , ,0
00417,نظارة طبية - Eyeglasses, ,50,1,50,50,معافاة (0%),0.0000,0, , ,0
00418,عدسة طبية - medical Lens, ,130,1,130,130,معافاة (0%),0.0000,0, , ,0
00419,سبيكترا شمسي -  Spectra Sanglasses, ,70,1,70,70, , ,0, , ,0
00420,عدسة طبية - medical Lens, ,100,1,100,100,معافاة (0%),0.0000,0, , ,0
00420,سبيكترا شمسي - Spectra Sunglasses, ,200,1,200,200, , ,0, , ,0
00421,FG 50022U 016 - Fred, ,2000,1,2000,2000, , ,0, , ,0
00422,SPLL18-CL0509 - Police, ,1000,1,1000,1000, , ,0, , ,0
00423,CA 301/S 807Q3- CARRERA, ,930,1,930,930, , ,0, , ,0
00424,سبيكترا شمسي -  Spectra Sanglasses, ,100,1,100,100, , ,0, , ,0
00425,عدسة طبية - medical Lens, ,70,1,70,70,معافاة (0%),0.0000,0, , ,0
00426,UPLP10 - K59P - POLICE, ,450,1,450,450,معافاة (0%),0.0000,0, , ,0
00426,عدسة طبية - medical Lens, ,750,1,750,750,معافاة (0%),0.0000,0, , ,0
00426,سبيكترا شمسي - Spectra Sunglasses, ,80,1,80,80, , ,0, , ,0
00426,عدسة طبية - medical Lens, ,150,1,150,150,معافاة (0%),0.0000,0, , ,0
00427,ميني اطفال طبي - Minis kids eyeglasses, ,100,1,100,100, , ,0, , ,0
00427,عدسة طبية - medical Lens, ,190,1,190,190,معافاة (0%),0.0000,0, , ,0
00428,CA 300/S 807Q3 - CARRERA, ,930,1,465,465, , ,0, , ,0
00429,سبيكترا شمسي -  Spectra Sanglasses, ,70,1,70,70, , ,0, , ,0
00430,CK22125TB - 414 - CALVIN KLEIN, ,550,1,550,550,معافاة (0%),0.0000,0, , ,0
00430,عدسة طبية - medical Lens, ,450,1,450,450,معافاة (0%),0.0000,0, , ,0
00431,كي اكتور نظارة شمسية  - K Actor sunglasses, ,200,1,200,200, , ,0, , ,0
00431,ماي كلور نظارة شمسية - My Cloror ssunglasses, ,200,1,200,200, , ,0, , ,0
00431,عدسة طبية - medical Lens, ,250,1,250,250,معافاة (0%),0.0000,0, , ,0
00431,ماي كلور نظارة شمسية - My Cloror ssunglasses, ,250,1,250,250, , ,0, , ,0
00431,سبيكترا شمسي - Spectra Sunglasses, ,120,1,120,120, , ,0, , ,0
00431,عدسة طبية - medical Lens, ,120,1,120,120,معافاة (0%),0.0000,0, , ,0
00432,عدسة طبية - medical Lens, ,350,1,350,350,معافاة (0%),0.0000,0, , ,0
00433,عدسة طبية - medical Lens, ,250,1,250,250,معافاة (0%),0.0000,0, , ,0
00434,نظارة قراءة - Reading glasses, ,70,1,70,70, , ,0, , ,0
00435,سبيكترا شمسي - Spectra Sunglasses, ,120,1,120,120, , ,0, , ,0
00436,ميني اطفال طبي - Minis kids eyeglasses, ,60,1,60,60, , ,0, , ,0
00437,عدسة طبية - medical Lens, ,80,1,80,80,معافاة (0%),0.0000,0, , ,0
00438,عدسة طبية - medical Lens, ,150,1,150,150,معافاة (0%),0.0000,0, , ,0
00439,عدسة طبية - medical Lens, ,170,1,170,170,معافاة (0%),0.0000,0, , ,0
00439,سبيكترا شمسي - Spectra Sunglasses, ,80,1,80,80, , ,0, , ,0
00440,سبيكترا شمسي -  Spectra Sanglasses, ,100,2,200,200, , ,0, , ,0
00440,عدسة طبية - medical Lens, ,1400,1,1400,1400,معافاة (0%),0.0000,0, , ,0
00441,ماي كلور نظارة شمسية - My Cloror ssunglasses, ,370,1,370,370, , ,0, , ,0
00442,سبيكترا شمسي - Spectra Sunglasses, ,80,1,80,80, , ,0, , ,0
00442,عدسة طبية - medical Lens, ,70,1,70,70,معافاة (0%),0.0000,0, , ,0
00443,ميني اطفال طبي - Minis kids eyeglasses, ,100,1,100,100, , ,0, , ,0
00443,عدسة طبية - medical Lens, ,100,1,100,100,معافاة (0%),0.0000,0, , ,0
00444,عدسة طبية - medical Lens, ,65,6,390,390,معافاة (0%),0.0000,0, , ,0
00444,عدسة طبية - medical Lens, ,110,1,110,110,معافاة (0%),0.0000,0, , ,0
00445,عدسة طبية - medical Lens, ,400,1,400,400,معافاة (0%),0.0000,0, , ,0
00446,عدسة طبية - medical Lens, ,65,5,325,325,معافاة (0%),0.0000,0, , ,0
00446,عدسة طبية - medical Lens, ,110,1,110,110,معافاة (0%),0.0000,0, , ,0
00447,ميني اطفال طبي - Minis kids eyeglasses, ,100,1,100,100, , ,0, , ,0
00447,عدسة طبية - medical Lens, ,70,1,70,70,معافاة (0%),0.0000,0, , ,0
00448,نظارة قراءة - Reading glasses, ,50,1,50,50, , ,0, , ,0
00449,عدسة تجميل - Cosmetic Cens, ,0,125,0,0,معافاة (0%),0.0000,0, , ,0
00450,عدسة تجميل - Cosmetic Cens, ,125,1,125,125,معافاة (0%),0.0000,0, , ,0
00451,عدسة تجميل - Cosmetic Cens, ,165,1,165,165,معافاة (0%),0.0000,0, , ,0
00452,عدسة طبية - medical Lens, ,220,1,220,220,معافاة (0%),0.0000,0, , ,0
00453,ميني اطفال طبي - Minis kids eyeglasses, ,100,1,100,100, , ,0, , ,0
00453,عدسة طبية - medical Lens, ,100,1,100,100,معافاة (0%),0.0000,0, , ,0
00454,سبيكترا شمسي - Spectra Sunglasses, ,70,1,70,70, , ,0, , ,0
00455,عدسة تجميل - Cosmetic Cens, ,125,2,250,250,معافاة (0%),0.0000,0, , ,0
00456,L2268 001 - LACOSTE, ,400,1,400,400,معافاة (0%),0.0000,0, , ,0
00456,عدسة طبية - medical Lens, ,500,1,500,500,معافاة (0%),0.0000,0, , ,0
00457,عدسة طبية - medical Lens, ,50,1,50,50,معافاة (0%),0.0000,0, , ,0
00458,عدسة طبية - medical Lens, ,110,1,110,110,معافاة (0%),0.0000,0, , ,0
00459,سبيكترا شمسي - Spectra Sunglasses, ,100,1,100,100, , ,0, , ,0
00459,عدسة طبية - medical Lens, ,150,1,150,150,معافاة (0%),0.0000,0, , ,0
00460,عدسة طبية - medical Lens, ,70,1,70,70,معافاة (0%),0.0000,0, , ,0
00461,SPLQ90 CL0340 - Police, ,500,1,500,500,معافاة (0%),0.0000,0, , ,0
00462,عدسة تجميل - Cosmetic Cens, ,140,1,140,140,معافاة (0%),0.0000,0, , ,0
00463,سبيكترا شمسي - Spectra Sunglasses, ,60,1,60,60, , ,0, , ,0
00463,عدسة طبية - medical Lens, ,60,1,60,60,معافاة (0%),0.0000,0, , ,0
00464,عدسة طبية - medical Lens, ,80,1,80,80,معافاة (0%),0.0000,0, , ,0
00465,سبيكترا شمسي - Spectra Sunglasses, ,50,1,50,50, , ,0, , ,0
00465,عدسة طبية - medical Lens, ,250,1,250,250,معافاة (0%),0.0000,0, , ,0
00466,ميني اطفال طبي - Minis kids eyeglasses, ,100,1,100,100, , ,0, , ,0
00467,سبيكترا شمسي - Spectra Sunglasses, ,100,1,100,100, , ,0, , ,0
00467,عدسة طبية - medical Lens, ,450,1,450,450,معافاة (0%),0.0000,0, , ,0
00468,سبيكترا شمسي - Spectra Sunglasses, ,100,1,100,100, , ,0, , ,0
00468,عدسة طبية - medical Lens, ,70,1,70,70,معافاة (0%),0.0000,0, , ,0
00469,SFI 890 0700 - Fila, ,250,1,250,250, , ,0, , ,0
00470,SPLL10 - 700P - POLICE, ,550,1,550,550,معافاة (0%),0.0000,0, , ,0
00471,UPLP10 - 302P - POLICE, ,470,1,470,470,معافاة (0%),0.0000,0, , ,0
00471,عدسة طبية - medical Lens, ,400,1,400,400,معافاة (0%),0.0000,0, , ,0
00472,سبيكترا شمسي - Spectra Sunglasses, ,80,1,80,80, , ,0, , ,0
00473,سبيكترا شمسي - Spectra Sunglasses, ,130,1,130,130, , ,0, , ,0
00473,عدسة طبية - medical Lens, ,70,1,70,70,معافاة (0%),0.0000,0, , ,0
00474,عدسة طبية - medical Lens, ,100,1,100,100,معافاة (0%),0.0000,0, , ,0
00475,VTO 452 0SNB 135 - Tous, ,780,1,546,546, , ,0, , ,0
00475,VANTOM, ,200,1,200,200, , ,0,معافاة (0%),0.0000,0
00475,عدسة طبية - medical Lens, ,154,1,154,154,معافاة (0%),0.0000,0, , ,0
00476,عدسة طبية - medical Lens, ,65,1,65,65,معافاة (0%),0.0000,0, , ,0
00477,ماي كلور نظارة شمسية - My Cloror ssunglasses, ,250,1,250,250, , ,0, , ,0
00477,عدسة طبية - medical Lens, ,200,1,200,200,معافاة (0%),0.0000,0, , ,0
00478,عدسة طبية - medical Lens, ,130,1,130,130,معافاة (0%),0.0000,0, , ,0
00479,عدسة طبية - medical Lens, ,150,1,150,150,معافاة (0%),0.0000,0, , ,0
00480,سبيكترا شمسي - Spectra Sunglasses, ,80,1,80,80, , ,0, , ,0
00480,ميني اطفال طبي - Minis kids eyeglasses, ,100,1,100,100, , ,0, , ,0
00480,عدسة طبية - medical Lens, ,120,1,120,120,معافاة (0%),0.0000,0, , ,0
00480,عدسة طبية - medical Lens, ,300,1,300,300,معافاة (0%),0.0000,0, , ,0
00481,سبيكترا شمسي - Spectra Sunglasses, ,125,1,125,125, , ,0, , ,0
00482,عدسة طبية - medical Lens, ,60,1,60,60,معافاة (0%),0.0000,0, , ,0
00483,سبيكترا شمسي -  Spectra Sanglasses, ,150,1,120,120, , ,0, , ,0
00484,عدسة طبية - medical Lens, ,250,1,250,250,معافاة (0%),0.0000,0, , ,0
00485,عدسة تجميل - Cosmetic Cens, ,170,1,170,170,معافاة (0%),0.0000,0, , ,0
00486,عدسة طبية - medical Lens, ,150,1,150,150,معافاة (0%),0.0000,0, , ,0
00487,عدسة طبية - medical Lens, ,130,1,130,130,معافاة (0%),0.0000,0, , ,0
00488,عدسة طبية - medical Lens, ,190,2,380,380,معافاة (0%),0.0000,0, , ,0
00489,SPLQ82-CL0700 - Police, ,550,1,550,550, , ,0, , ,0
00490,سبيكترا شمسي - Spectra Sunglasses, ,80,1,80,80, , ,0, , ,0
00490,عدسة طبية - medical Lens, ,100,1,100,100,معافاة (0%),0.0000,0, , ,0
00491,سبيكترا شمسي -  Spectra Sanglasses, ,70,1,70,70, , ,0, , ,0
00492,SCH L53 300K -  Chopard, ,4600,1,2300,2300, , ,0, , ,0
00493,عدسة طبية - medical Lens, ,100,1,100,100,معافاة (0%),0.0000,0, , ,0
00493,سبيكترا شمسي - Spectra Sunglasses, ,100,1,100,100, , ,0, , ,0
00494,CK 20114 235, ,200,1,200,200, , ,0, , ,0
00495,CK 22116 014 145 - Calvin Klein, ,200,1,200,200, , ,0, , ,0
00496,سبيكترا شمسي -  Spectra Sanglasses, ,300,1,300,300, , ,0, , ,0
00497,عدسة طبية - medical Lens, ,50,1,50,50,معافاة (0%),0.0000,0, , ,0
00498,سبيكترا شمسي - Spectra Sunglasses, ,80,1,80,80, , ,0, , ,0
00498,عدسة طبية - medical Lens, ,70,1,70,70,معافاة (0%),0.0000,0, , ,0
00499,سبيكترا شمسي -  Spectra Sanglasses, ,100,3,60,60, , ,0, , ,0
00500,L 997S 001 - Lacoste, ,980,1,392,392, , ,0, , ,0
00501,عدسة طبية - medical Lens, ,70,1,70,70,معافاة (0%),0.0000,0, , ,0
00502,SPLQ91 -CL0579 - Police, ,370,1,370,370, , ,0, , ,0
00502,SPLN34N CL0V14 - Police, ,380,1,380,380,معافاة (0%),0.0000,0, , ,0
00503,SFI 834 0Z42 - Fila, ,250,1,250,250, , ,0, , ,0
00503,STO C33 0700 - Tous, ,300,1,300,300, , ,0, , ,0
00504,سبيكترا شمسي -  Spectra Sanglasses, ,60,1,60,60, , ,0, , ,0
00504,سبيكترا شمسي -  Spectra Sanglasses, ,60,1,60,60, , ,0, , ,0
00504,سبيكترا شمسي -  Spectra Sanglasses, ,60,1,60,60, , ,0, , ,0
00504,سبيكترا شمسي -  Spectra Sanglasses, ,60,1,60,60, , ,0, , ,0
00505,سبيكترا شمسي -  Spectra Sanglasses, ,90,1,90,90, , ,0, , ,0
00505,نظارة قراءة - Reading glasses, ,40,1,40,40, , ,0, , ,0
00506,SPLR80 CL0700 - Police, ,980,1,392,392,معافاة (0%),0.0000,0, , ,0
00507,سبيكترا شمسي -  Spectra Sanglasses, ,80,1,80,80, , ,0, , ,0
00507,كي اكتور نظارة شمسية  - K Actor sunglasses, ,160,1,160,160, , ,0, , ,0
00507,سبيكترا شمسي - Spectra Sunglasses, ,60,1,60,60, , ,0, , ,0
00508,L 6001S 002 - Lacoste, ,350,1,350,350, , ,0, , ,0
00509,L 6011S 001 - Lacoste, ,980,1,392,392, , ,0, , ,0
00510,L6041S N CL 001 Lacoste , ,390,1,390,390, , ,0, , ,0
00511,L6036S CL001 - Lacoste, ,390,1,390,390,معافاة (0%),0.0000,0, , ,0
00512,كي اكتور نظارة شمسية  - K Actor sunglasses, ,150,1,150,150, , ,0, , ,0
00512,سبيكترا شمسي - Spectra Sunglasses, ,50,1,50,50, , ,0, , ,0
00513,PH 2259 5001 150 - Polo Ralph Lauren, ,320,1,320,320, , ,0, , ,0
00513,سبيكترا شمسي - Spectra Sunglasses, ,80,1,80,80, , ,0, , ,0
00514,سبيكترا شمسي -  Spectra Sanglasses, ,70,2,140,140, , ,0, , ,0
00515,سبيكترا شمسي -  Spectra Sanglasses, ,70,1,70,70, , ,0, , ,0
00516,سبيكترا شمسي -  Spectra Sanglasses, ,70,2,140,140, , ,0, , ,0
00517,سبيكترا شمسي - Spectra Sunglasses, ,90,1,90,90, , ,0, , ,0
00518,FE 50105F 032 - Fendi, ,585,1,585,585, , ,0, , ,0
00518,سبيكترا شمسي - Spectra Sunglasses, ,90,1,90,90, , ,0, , ,0
00518,سبيكترا شمسي - Spectra Sunglasses, ,80,1,80,80, , ,0, , ,0
00518,عدسة طبية - medical Lens, ,70,2,140,140,معافاة (0%),0.0000,0, , ,0
00518,عدسة طبية - medical Lens, ,200,1,200,200,معافاة (0%),0.0000,0, , ,0
00519,CA 172/N/S 807HA - CARRERA, ,950,1,380,380, , ,0, , ,0
00519,STO B21 0700 - Tous, ,890,1,356,356, , ,0, , ,0
00519,AX 4129SU 83418E Armani, ,500,1,250,250,معافاة (0%),0.0000,0, , ,0
00519,SPLL08-CL8YZP - Police, ,910,1,364,364, , ,0, , ,0
00520,سبيكترا شمسي -  Spectra Sanglasses, ,90,1,90,90, , ,0, , ,0
00520,عدسة طبية - medical Lens, ,60,1,60,60,معافاة (0%),0.0000,0, , ,0
00521,SFI 300 0531 - Fila, ,600,1,240,240, , ,0, , ,0
00522,سبيكترا شمسي -  Spectra Sanglasses, ,70,1,70,70, , ,0, , ,0
00522,عدسة طبية - medical Lens, ,50,1,50,50,معافاة (0%),0.0000,0, , ,0
00523,SPLP24-CL0700 - Police, ,390,1,390,390, , ,0, , ,0
00524,عدسة طبية - medical Lens, ,500,1,500,500,معافاة (0%),0.0000,0, , ,0
00525,FG 40035U 02N - Fred, ,2900,1,1160,1160, , ,0, , ,0
00525,L 978S 001 - Lacoste, ,910,1,336.7,336.7, , ,0, , ,0
00526,ميني اطفال طبي - Minis kids eyeglasses, ,63,4,252,252, , ,0, , ,0
00527,VFI 533 0579 145 - Fila, ,540,1,216,216, , ,0, , ,0
00527,عدسة طبية - medical Lens, ,350,1,350,350,معافاة (0%),0.0000,0, , ,0
00528,عدسة طبية - medical Lens, ,120,1,120,120,معافاة (0%),0.0000,0, , ,0
00529,FE 40115U 32G - Fendi, ,2250,1,787.5,787.5, , ,0, , ,0
00530,سبيكترا شمسي -  Spectra Sanglasses, ,60,2,120,120, , ,0, , ,0
00531,SPLQ83 CL0700 - Police, ,980,1,392,392,معافاة (0%),0.0000,0, , ,0
00532,SFI 456 F94Y - Fila, ,530,1,212,212, , ,0, , ,0
00533,سبيكترا شمسي -  Spectra Sanglasses, ,90,1,90,90, , ,0, , ,0
00533,سبيكترا شمسي -  Spectra Sanglasses, ,60,1,60,60, , ,0, , ,0
00534,سبيكترا شمسي - Spectra Sunglasses, ,90,1,90,90, , ,0, , ,0
00535,سبيكترا شمسي - Spectra Sunglasses, ,90,1,90,90, , ,0, , ,0
00536,سبيكترا شمسي - Spectra Sunglasses, ,90,1,90,90, , ,0, , ,0
00536,سبيكترا شمسي -  Spectra Sanglasses, ,90,1,90,90, , ,0, , ,0
00537,CA 266/S 807M9 - CARRERA, ,940,1,376,376, , ,0, , ,0
00538,L 6014S 001 - Lacoste, ,980,1,392,392, , ,0, , ,0
00539,STO C36 0700 - Tous, ,900,1,360,360, , ,0, , ,0
00540,SPLR76 CLE56P - Police, ,980,1,392,392,معافاة (0%),0.0000,0, , ,0
00541,CK 23101S 438 - Calvin Klein, ,300,1,300,300, , ,0, , ,0
00541,ماي كلور نظارة شمسية - My Cloror ssunglasses, ,180,1,180,180, , ,0, , ,0
00541,عدسة طبية - medical Lens, ,150,2,300,300,معافاة (0%),0.0000,0, , ,0
00542, XP 2319S C1 - Sooper, ,200,1,200,200,معافاة (0%),0.0000,0, , ,0
00543,سبيكترا شمسي -  Spectra Sanglasses, ,50,2,100,100, , ,0, , ,0
00544,CA 1045/S 003WJ - CARRERA, ,350,1,350,350, , ,0, , ,0
00545,CA 300/S 08AM9 - CARRERA, ,390,1,390,390, , ,0, , ,0
00546,L 2923 001 145 - Lacoste, ,470,1,470,470, , ,0, , ,0
00547,VFI 990 0700140 145 - Fila, ,200,1,200,200, , ,0, , ,0
00548,CA 300/S 807Q3 - CARRERA, ,930,1,372,372, , ,0, , ,0
00549,SPLN34V-CL4A4P - Police, ,980,1,392,392, , ,0, , ,0
00550,سبيكترا شمسي - Spectra Sunglasses, ,70,1,70,70, , ,0, , ,0
00551,SPLR72 CL300Y - Police, ,980,1,392,392,معافاة (0%),0.0000,0, , ,0
00552,نظارة قراءة - Reading glasses, ,50,1,50,50, , ,0, , ,0
00553,RB 5376 2043 145 - Ray-Ban, ,770,1,308,308, , ,0, , ,0
00553,عدسة طبية - medical Lens, ,62,1,62,62,معافاة (0%),0.0000,0, , ,0
00554,VANTOM, ,150,1,150,150, , ,0,معافاة (0%),0.0000,0
00554,عدسة طبية - medical Lens, ,300,1,300,300,معافاة (0%),0.0000,0, , ,0
00554,SPLN33-CL0V14 - Police, ,350,1,350,350, , ,0, , ,0
00555,SPLN42-CL568Y - Police, ,450,1,450,450, , ,0, , ,0
00556,L 6065S 001 - Lacoste, ,390,1,390,390, , ,0, , ,0
00557,SPLP25-CL0672 - Police, ,980,1,392,392, , ,0, , ,0
00558,سبيكترا شمسي - Spectra Sunglasses, ,80,1,80,80, , ,0, , ,0
00558,عدسة طبية - medical Lens, ,350,1,350,350,معافاة (0%),0.0000,0, , ,0
00559,سبيكترا شمسي - Spectra Sunglasses, ,80,1,80,80, , ,0, , ,0
00559,عدسة طبية - medical Lens, ,70,1,70,70,معافاة (0%),0.0000,0, , ,0
00560,L 6007S 001 - Lacoste, ,350,1,350,350, , ,0, , ,0
00560,CA 300/S 807Q3 - CARRERA, ,350,1,350,350, , ,0, , ,0
00561,VFI 718V 0995 140 - Fila, ,200,1,200,200, , ,0, , ,0
00561,عدسة طبية - medical Lens, ,100,1,100,100,معافاة (0%),0.0000,0, , ,0
00562,سبيكترا شمسي -  Spectra Sanglasses, ,70,3,210,210, , ,0, , ,0
00562,سبيكترا شمسي - Spectra Sunglasses, ,90,1,90,90, , ,0, , ,0
00563,سبيكترا شمسي -  Spectra Sanglasses, ,70,2,140,140, , ,0, , ,0
00564,كي اكتور نظارة شمسية  - K Actor sunglasses, ,130,1,130,130, , ,0, , ,0
00564,سبيكترا شمسي - Spectra Sunglasses, ,50,1,50,50, , ,0, , ,0
00565,سبيكترا شمسي - Spectra Sunglasses, ,90,1,90,90, , ,0, , ,0
00566,سبيكترا شمسي - Spectra Sunglasses, ,150,2,300,300, , ,0, , ,0
00567,سبيكترا شمسي - Spectra Sunglasses, ,75,2,150,150, , ,0, , ,0
00568,CA BOUND/S 2M2HA - CARRERA, ,350,1,350,350, , ,0, , ,0
00569,L264S - 033 LACOSTE, ,990,1,396,396,معافاة (0%),0.0000,0, , ,0
00570,CKJ23643MAG CL002 Calvin Klein, ,340,1,340,340,معافاة (0%),0.0000,0, , ,0
00571,L2296 - 002- LACOSTE, ,330,1,330,330,معافاة (0%),0.0000,0, , ,0
00572,SPLN38-CL568P - Police, ,980,1,343,343, , ,0, , ,0
00573,SFI A10 0568 - Fila, ,580,1,203,203, , ,0, , ,0
00574,SFI 300V 579P - Fila, ,560,1,224,224, , ,0, , ,0
00575,سبيكترا شمسي -  Spectra Sanglasses, ,60,1,60,60, , ,0, , ,0
00576,SPLR79 CL0700 - Police, ,390,1,390,390,معافاة (0%),0.0000,0, , ,0
00576,SPLL07-CL0300 - Police, ,390,1,390,390, , ,0, , ,0
00576,L 255S 021 - Lacoste, ,390,1,390,390, , ,0, , ,0
00577,SFI 300 0531 - Fila, ,600,1,240,240, , ,0, , ,0
00577,L264S - 001 - LACOSTE, ,990,1,396,396,معافاة (0%),0.0000,0, , ,0
00577,سبيكترا شمسي - Spectra Sunglasses, ,70,2,140,140, , ,0, , ,0
00577,عدسة طبية - medical Lens, ,100,1,100,100,معافاة (0%),0.0000,0, , ,0
00578,VANTOM, ,180,1,180,180, , ,0,معافاة (0%),0.0000,0
00578,عدسة طبية - medical Lens, ,70,1,70,70,معافاة (0%),0.0000,0, , ,0
00579,كي اكتور نظارة شمسية  - K Actor sunglasses, ,180,1,180,180, , ,0, , ,0
00579,عدسة طبية - medical Lens, ,70,1,70,70,معافاة (0%),0.0000,0, , ,0
00580,سبيكترا شمسي -  Spectra Sanglasses, ,70,1,70,70, , ,0, , ,0
00580,كي اكتور نظارة شمسية  - K Actor sunglasses, ,180,1,180,180, , ,0, , ,0
00581,STO B89 0700 - Tous, ,350,1,350,350, , ,0, , ,0
00582,SFI A14 Z42P - Fila, ,580,1,232,232, , ,0, , ,0
00582,STO B88 0700 - Tous, ,870,1,348,348, , ,0, , ,0
00583,سبيكترا شمسي - Spectra Sunglasses, ,70,1,70,70, , ,0, , ,0
00583,عدسة طبية - medical Lens, ,50,1,50,50,معافاة (0%),0.0000,0, , ,0
00584,سبيكترا شمسي - Spectra Sunglasses, ,70,1,70,70, , ,0, , ,0
00584,عدسة طبية - medical Lens, ,50,1,50,50,معافاة (0%),0.0000,0, , ,0
00585,STO 457 0SNB - Tous, ,840,1,336,336, , ,0, , ,0
00586,SPLR83 CL579X - Police, ,980,1,392,392,معافاة (0%),0.0000,0, , ,0
00586,STO C22 0700 - Tous, ,900,1,360,360, , ,0, , ,0
00587,CA 300/S 807Q3 - CARRERA, ,930,1,372,372, , ,0, , ,0
00588,سبيكترا شمسي - Spectra Sunglasses, ,90,1,90,90, , ,0, , ,0
00588,عدسة طبية - medical Lens, ,60,1,60,60,معافاة (0%),0.0000,0, , ,0
00589,SPLR77 CL0300 - Police, ,350,1,350,350,معافاة (0%),0.0000,0, , ,0
00590,كي اكتور نظارة شمسية  - K Actor sunglasses, ,150,1,150,150, , ,0, , ,0
00590,عدسة طبية - medical Lens, ,50,1,50,50,معافاة (0%),0.0000,0, , ,0
00591,STO 445 300K - Tous, ,880,1,352,352, , ,0, , ,0
00591,STO B21 0700 - Tous, ,890,1,356,356, , ,0, , ,0
00592,VO 5423 W44 145 - Vogue, ,200,1,200,200, , ,0, , ,0
00592,VPLF03-CL700Y - Police, ,300,1,300,300, , ,0, , ,0
00593,SPLQ85-CL0579 - Police, ,350,1,350,350, , ,0, , ,0
00594,VANTOM, ,150,1,150,150, , ,0,معافاة (0%),0.0000,0
00595,CA BOUND/S 01QQT - CARRERA, ,950,1,380,380, , ,0, , ,0
00596,L 6029SRG 001 - Lacoste, ,980,1,392,392, , ,0, , ,0
00597,سبيكترا شمسي -  Spectra Sanglasses, ,70,1,70,70, , ,0, , ,0
00598,STO B74 0700 - Tous, ,900,1,360,360, , ,0, , ,0
00598,SPLQ90 CL0672 - Police, ,1100,1,440,440,معافاة (0%),0.0000,0, , ,0
00599,عدسة طبية - medical Lens, ,100,1,100,100,معافاة (0%),0.0000,0, , ,0
00599,سبيكترا شمسي - Spectra Sunglasses, ,100,1,100,100, , ,0, , ,0
00600,VANTOM, ,150,1,150,150, , ,0,معافاة (0%),0.0000,0
00600,عدسة طبية - medical Lens, ,50,1,50,50,معافاة (0%),0.0000,0, , ,0
00601,SFI 300 0531 - Fila, ,600,1,240,240, , ,0, , ,0
00602,BOSS 1286/F/SK-CLJ5GQT - Hugo boss, ,960,1,384,384, , ,0, , ,0
00602,سبيكترا شمسي -  Spectra Sanglasses, ,100,3,300,300, , ,0, , ,0
00603,STO 459 0300 - Tous, ,350,1,350,350, , ,0, , ,0
00604,سبيكترا شمسي -  Spectra Sanglasses, ,70,1,70,70, , ,0, , ,0
00604,سبيكترا شمسي -  Spectra Sanglasses, ,70,1,70,70, , ,0, , ,0
00605,VO 5493 W44/87 - Vogue, ,800,1,320,320, , ,0, , ,0
00606,سبيكترا شمسي -  Spectra Sanglasses, ,70,1,70,70, , ,0, , ,0
00607,سبيكترا شمسي -  Spectra Sanglasses, ,150,1,150,150, , ,0, , ,0
00608,سبيكترا شمسي - Spectra Sunglasses, ,90,1,90,90, , ,0, , ,0
00609,سبيكترا شمسي -  Spectra Sanglasses, ,70,1,70,70, , ,0, , ,0
00610,سبيكترا شمسي -  Spectra Sanglasses, ,70,1,70,70, , ,0, , ,0
00611,ميني اطفال طبي - Minis kids eyeglasses, ,50,2,100,100, , ,0, , ,0
00611,عدسة طبية - medical Lens, ,80,1,80,80,معافاة (0%),0.0000,0, , ,0
00611,ماي كلور نظارة شمسية - My Cloror ssunglasses, ,120,1,120,120, , ,0, , ,0
00612,VANTOM, ,150,2,300,300, , ,0,معافاة (0%),0.0000,0
00612,سبيكترا شمسي - Spectra Sunglasses, ,70,1,70,70, , ,0, , ,0
00612,عدسة طبية - medical Lens, ,550,1,550,550,معافاة (0%),0.0000,0, , ,0
00613,SPLR74 CL700P - Police, ,380,1,380,380,معافاة (0%),0.0000,0, , ,0
00614,كي اكتور نظارة شمسية  - K Actor sunglasses, ,130,1,130,130, , ,0, , ,0
00614,سبيكترا شمسي -  Spectra Sanglasses, ,70,1,70,70, , ,0, , ,0
00615,STO C24 0700 - Tous, ,900,1,360,360, , ,0, , ,0
00616,VANTOM, ,150,1,150,150, , ,0,معافاة (0%),0.0000,0
00616,عدسة طبية - medical Lens, ,50,1,50,50,معافاة (0%),0.0000,0, , ,0
00617,CK22125TA - 414- CALVIN KLEIN, ,470,1,470,470,معافاة (0%),0.0000,0, , ,0
00617,سبيكترا شمسي - Spectra Sunglasses, ,90,1,90,90, , ,0, , ,0
00617,عدسة طبية - medical Lens, ,50,1,50,50,معافاة (0%),0.0000,0, , ,0
00618,ماي كلور نظارة شمسية - My Cloror ssunglasses, ,180,1,180,180, , ,0, , ,0
00619,SPLN37-CL0U28 - Police, ,340,1,340,340, , ,0, , ,0
00619,VO 5428-S 299287 - Vogue, ,240,1,240,240, , ,0, , ,0
00620,L992S - 001 LACOSTE, ,990,1,396,396,معافاة (0%),0.0000,0, , ,0
00621,CA 306/S M4P90 - CARRERA, ,930,1,372,372, , ,0, , ,0
00622,SFI A10 599Y - Fila, ,230,1,230,230, , ,0, , ,0
00623,سبيكترا شمسي - Spectra Sunglasses, ,90,2,180,180, , ,0, , ,0
00623,عدسة طبية - medical Lens, ,100,2,200,200,معافاة (0%),0.0000,0, , ,0
00624,سبيكترا شمسي -  Spectra Sanglasses, ,50,1,50,50, , ,0, , ,0
00625,عدسة طبية - medical Lens, ,170,1,170,170,معافاة (0%),0.0000,0, , ,0
00626,SPLP32V-CL0703 - police, ,400,1,400,400,معافاة (0%),0.0000,0, , ,0
00627,عدسة طبية - medical Lens, ,140,1,140,140,معافاة (0%),0.0000,0, , ,0
00628,نظارة قراءة - Reading glasses, ,50,1,50,50, , ,0, , ,0
00629,SPLN30-CL0302 - Police, ,380,1,380,380, , ,0, , ,0
00630,SPLR83V CL300P - Police, ,350,1,350,350,معافاة (0%),0.0000,0, , ,0
00631,CA 300/S 807Q3 - CARRERA, ,370,1,370,370, , ,0, , ,0
00632,L 997S 001 - Lacoste, ,390,1,390,390, , ,0, , ,0
00633,ميني اطفال طبي - Minis kids eyeglasses, ,70,1,70,70, , ,0, , ,0
00633,عدسة طبية - medical Lens, ,50,1,50,50,معافاة (0%),0.0000,0, , ,0
00634,نظارة طبية - Eyeglasses, ,50,1,50,50,معافاة (0%),0.0000,0, , ,0
00635,سبيكترا شمسي -  Spectra Sanglasses, ,70,1,70,70, , ,0, , ,0
00635,كي اكتور نظارة شمسية  - K Actor sunglasses, ,180,1,180,180, , ,0, , ,0
00636,عدسة طبية - medical Lens, ,70,1,70,70,معافاة (0%),0.0000,0, , ,0
00636,سبيكترا شمسي - Spectra Sunglasses, ,50,1,50,50, , ,0, , ,0
00637,كي اكتور نظارة شمسية  - K Actor sunglasses, ,180,1,180,180, , ,0, , ,0
00637,عدسة طبية - medical Lens, ,50,1,50,50,معافاة (0%),0.0000,0, , ,0
00638,سبيكترا شمسي -  Spectra Sanglasses, ,70,1,70,70, , ,0, , ,0
00639,KZ50128U     097  KENZO, ,330,1,330,330, , ,0, , ,0
00639,عدسة طبية - medical Lens, ,70,1,70,70,معافاة (0%),0.0000,0, , ,0
00640,سبيكترا شمسي -  Spectra Sanglasses, ,70,2,140,140, , ,0, , ,0
00641,عدسة طبية - medical Lens, ,150,1,150,150,معافاة (0%),0.0000,0, , ,0
00642,VCH 381S 0700 -  Chopard, ,4200,1,1680,1680, , ,0, , ,0
00642,VTO B98 0700 135 - Tous, ,296,1,296,296, , ,0, , ,0
00642,FG 40036U 30B - Fred, ,4210,1,1684,1684, , ,0, , ,0
00642,SCH L57S 0300 -  Chopard, ,4600,1,1840,1840, , ,0, , ,0
00643,سبيكترا شمسي -  Spectra Sanglasses, ,50,1,50,50, , ,0, , ,0
00643,عدسة طبية - medical Lens, ,50,1,50,50,معافاة (0%),0.0000,0, , ,0
00644,سبيكترا شمسي -  Spectra Sanglasses, ,70,1,70,70, , ,0, , ,0
00645,POLICE SUNGLASS, ,1000,1,400,400, , ,0, , ,0
00646,STO A94 AD2Y - Tous, ,300,1,300,300, , ,0, , ,0
00647,عدسة طبية - medical Lens, ,190,1,190,190,معافاة (0%),0.0000,0, , ,0
00648,سبيكترا شمسي - Spectra Sunglasses, ,100,1,100,100, , ,0, , ,0
00648,عدسة طبية - medical Lens, ,100,1,100,100,معافاة (0%),0.0000,0, , ,0
00649,VPLL67- 0300 POLICE, ,395,1,395,395,معافاة (0%),0.0000,0, , ,0
00650,VPLG70-CL0Z42 - Police, ,910,1,364,364, , ,0, , ,0
00651,عدسة طبية - medical Lens, ,80,1,80,80,معافاة (0%),0.0000,0, , ,0
00652,سبيكترا شمسي -  Spectra Sanglasses, ,90,1,90,90, , ,0, , ,0
00653,سبيكترا شمسي -  Spectra Sanglasses, ,50,1,50,50, , ,0, , ,0
00654,سبيكترا شمسي - Spectra Sunglasses, ,90,2,180,180, , ,0, , ,0
00654,عدسة طبية - medical Lens, ,100,1,100,100,معافاة (0%),0.0000,0, , ,0
00655,LOZZA SUNGLASS, ,400,1,400,400, , ,0, , ,0
00656,L2707MAG CL001 - Lacoste, ,340,1,340,340,معافاة (0%),0.0000,0, , ,0
00656,عدسة طبية - medical Lens, ,310,1,310,310,معافاة (0%),0.0000,0, , ,0
00657,ماي كلور نظارة شمسية - My Cloror ssunglasses, ,110,1,110,110, , ,0, , ,0
00657,سبيكترا شمسي - Spectra Sunglasses, ,50,1,50,50, , ,0, , ,0
00658,FILA SUNGLASS, ,225,1,225,225, , ,0, , ,0
00659,سبيكترا شمسي - Spectra Sunglasses, ,70,1,70,70, , ,0, , ,0
00659,عدسة طبية - medical Lens, ,80,1,80,80,معافاة (0%),0.0000,0, , ,0
00660,FILA SUNGLASS, ,225,1,225,225, , ,0, , ,0
00661,سبيكترا شمسي -  Spectra Sanglasses, ,220,1,220,220, , ,0, , ,0
00661,عدسة طبية - medical Lens, ,180,1,180,180,معافاة (0%),0.0000,0, , ,0
00662,LOZZA SUNGLASS, ,450,1,450,450, , ,0, , ,0
00662,FG 40031U 33G - Fred, ,1400,1,1400,1400, , ,0, , ,0
00663,FILA SUNGLASS, ,225,1,225,225, , ,0, , ,0
00664,CA 301/S 807Q3- CARRERA, ,350,1,350,350, , ,0, , ,0
00665,سبيكترا شمسي - Spectra Sunglasses, ,70,1,70,70, , ,0, , ,0
00666,عدسة طبية - medical Lens, ,190,1,190,190,معافاة (0%),0.0000,0, , ,0
00667,سبيكترا شمسي -  Spectra Sanglasses, ,70,1,70,70, , ,0, , ,0
00668,سبيكترا شمسي -  Spectra Sanglasses, ,90,1,90,90, , ,0, , ,0
00669,SP 3224 C3 - Sooper, ,130,2,260,260, , ,0, , ,0
00669,سبيكترا شمسي -  Spectra Sanglasses, ,60,1,60,60, , ,0, , ,0
00670,سبيكترا شمسي -  Spectra Sanglasses, ,70,3,210,210, , ,0, , ,0
00671,B 1371 1109 140 - Burberry, ,500,1,500,500, , ,0, , ,0
00672,سبيكترا شمسي - Spectra Sunglasses, ,70,1,70,70, , ,0, , ,0
00673,VTO B11S 09SW 135 - Tous, ,300,1,300,300, , ,0, , ,0
00673,عدسة طبية - medical Lens, ,50,2,100,100,معافاة (0%),0.0000,0, , ,0
00673,VANTOM, ,150,1,150,150, , ,0,معافاة (0%),0.0000,0
00674,سبيكترا شمسي - Spectra Sunglasses, ,60,1,60,60, , ,0, , ,0
00675,نظارة قراءة - Reading glasses, ,30,1,30,30, , ,0, , ,0
00676,سبيكترا شمسي -  Spectra Sanglasses, ,50,3,150,150, , ,0, , ,0
00677,سبيكترا شمسي -  Spectra Sanglasses, ,45,2,90,90, , ,0, , ,0
00678,سبيكترا شمسي - Spectra Sunglasses, ,70,1,70,70, , ,0, , ,0
00678,عدسة طبية - medical Lens, ,50,1,50,50,معافاة (0%),0.0000,0, , ,0
00679,كي اكتور نظارة شمسية  - K Actor sunglasses, ,150,2,300,300, , ,0, , ,0
00679,عدسة طبية - medical Lens, ,130,1,130,130,معافاة (0%),0.0000,0, , ,0
00679,عدسة طبية - medical Lens, ,70,1,70,70,معافاة (0%),0.0000,0, , ,0
00680,عدسة طبية - medical Lens, ,250,1,250,250,معافاة (0%),0.0000,0, , ,0
00681,3074 528155 - Arntte, ,190,1,190,190, , ,0, , ,0
00682,عدسة طبية - medical Lens, ,90,1,90,90,معافاة (0%),0.0000,0, , ,0
00683,STO C73 0700 - Tous, ,330,1,330,330, , ,0, , ,0
00683,STO B74 0700 - Tous, ,340,1,340,340, , ,0, , ,0
00683,SPLL11-CLK07B - Police, ,390,1,390,390, , ,0, , ,0
00683,FE40089I   55X  FENDI, ,690,1,690,690, , ,0, , ,0
00684,L.J 780S 001 - Liu.Jo, ,300,1,300,300, , ,0, , ,0
00685,SCH L57S 300X -  Chopard, ,4600,1,1840,1840, , ,0, , ,0
00685,LJ 2794 272 140 - Liu.Jo, ,260,1,260,260, , ,0, , ,0
00686,VANTOM, ,150,1,150,150, , ,0,معافاة (0%),0.0000,0
00686,عدسة طبية - medical Lens, ,50,1,50,50,معافاة (0%),0.0000,0, , ,0
00687,سبيكترا شمسي - Spectra Sunglasses, ,50,1,50,50, , ,0, , ,0
00687,عدسة طبية - medical Lens, ,50,1,50,50,معافاة (0%),0.0000,0, , ,0
00688,VTO A13 06L5 135 - Tous, ,300,1,300,300, , ,0, , ,0
00688,عدسة طبية - medical Lens, ,50,1,50,50,معافاة (0%),0.0000,0, , ,0
00689,VFI878 CL0627 - Fila, ,200,1,200,200,معافاة (0%),0.0000,0, , ,0
00689,سبيكترا شمسي - Spectra Sunglasses, ,50,1,50,50, , ,0, , ,0
00689,عدسة طبية - medical Lens, ,75,1,75,75,معافاة (0%),0.0000,0, , ,0
00689,عدسة طبية - medical Lens, ,75,1,75,75,معافاة (0%),0.0000,0, , ,0
00690,عدسة طبية - medical Lens, ,70,1,70,70,معافاة (0%),0.0000,0, , ,0
00691,ميني اطفال طبي - Minis kids eyeglasses, ,50,1,50,50, , ,0, , ,0
00691,عدسة طبية - medical Lens, ,100,1,100,100,معافاة (0%),0.0000,0, , ,0
00691,VFI 878 0302 145 - Fila, ,200,1,200,200, , ,0, , ,0
00691,FILA SUNGLASS, ,240,1,240,240, , ,0, , ,0
00692,FILA SUNGLASS, ,630,1,252,252, , ,0, , ,0
00693,عدسة طبية - medical Lens, ,350,1,350,350,معافاة (0%),0.0000,0, , ,0
00694,CKJ20102 CL201 - Calvin Klein, ,300,1,300,300,معافاة (0%),0.0000,0, , ,0
00695,SPLF64-CL0509 - Police, ,380,1,380,380, , ,0, , ,0
00696,كي اكتور نظارة شمسية  - K Actor sunglasses, ,120,1,120,120, , ,0, , ,0
00696,نظارة قراءة - Reading glasses, ,30,1,30,30, , ,0, , ,0
00697,سبيكترا شمسي - Spectra Sunglasses, ,60,1,60,60, , ,0, , ,0
00698,سبيكترا شمسي - Spectra Sunglasses, ,80,1,80,80, , ,0, , ,0
00699,CK 22526T  001 - CALVIN KLEIN, ,330,1,330,330,معافاة (0%),0.0000,0, , ,0
00699,عدسة طبية - medical Lens, ,100,1,100,100,معافاة (0%),0.0000,0, , ,0
00700,سبيكترا شمسي -  Spectra Sanglasses, ,50,2,100,100, , ,0, , ,0
00701,سبيكترا شمسي - Spectra Sunglasses, ,50,2,100,100, , ,0, , ,0
00701,عدسة طبية - medical Lens, ,50,1,50,50,معافاة (0%),0.0000,0, , ,0
00702,L 2296 002 145 - Lacoste, ,300,1,300,300, , ,0, , ,0
00702,عدسة طبية - medical Lens, ,150,1,150,150,معافاة (0%),0.0000,0, , ,0
00703,سبيكترا شمسي -  Spectra Sanglasses, ,50,1,50,50, , ,0, , ,0
00704,CK 23506S 001 - Calvin Klein, ,300,1,300,300, , ,0, , ,0
00705,CA 17/S 003IR - CARRERA, ,350,1,350,350, , ,0, , ,0
00706,L 2954 001 145 - Lacoste, ,800,1,320,320, , ,0, , ,0
00706,عدسة طبية - medical Lens, ,80,1,80,80,معافاة (0%),0.0000,0, , ,0
00707,سبيكترا شمسي -  Spectra Sanglasses, ,50,1,50,50, , ,0, , ,0
00708,عدسة طبية - medical Lens, ,50,1,50,50,معافاة (0%),0.0000,0, , ,0
00708,سبيكترا شمسي - Spectra Sunglasses, ,50,1,50,50, , ,0, , ,0
00709,عدسة طبية - medical Lens, ,50,2,100,100,معافاة (0%),0.0000,0, , ,0
00710,CA 172/N/S 807HA - CARRERA, ,950,1,380,380, , ,0, , ,0
00711,سبيكترا شمسي - Spectra Sunglasses, ,50,1,50,50, , ,0, , ,0
00711,عدسة طبية - medical Lens, ,70,1,70,70,معافاة (0%),0.0000,0, , ,0
00712,SFI 300 0531 - Fila, ,600,1,240,240, , ,0, , ,0
00713,سبيكترا شمسي -  Spectra Sanglasses, ,50,6,300,300, , ,0, , ,0
00714,عدسة طبية - medical Lens, ,180,1,180,180,معافاة (0%),0.0000,0, , ,0
00714,ميني اطفال طبي - Minis kids eyeglasses, ,50,1,50,50, , ,0, , ,0
00715,سبيكترا شمسي -  Spectra Sanglasses, ,50,1,50,50, , ,0, , ,0
00716,عدسة طبية - medical Lens, ,50,1,50,50,معافاة (0%),0.0000,0, , ,0
00717,FILA SUNGLASS, ,630,1,252,252, , ,0, , ,0
00718,سبيكترا شمسي - Spectra Sunglasses, ,50,2,100,100, , ,0, , ,0
00718,عدسة طبية - medical Lens, ,130,1,130,130,معافاة (0%),0.0000,0, , ,0
00718,عدسة طبية - medical Lens, ,50,1,50,50,معافاة (0%),0.0000,0, , ,0
00719,LOZZA SUNGLASS, ,1200,1,480,480, , ,0, , ,0
00720,سبيكترا شمسي -  Spectra Sanglasses, ,50,3,150,150, , ,0, , ,0
00721,سبيكترا شمسي -  Spectra Sanglasses, ,50,2,100,100, , ,0, , ,0
00721,عدسة طبية - medical Lens, ,50,2,100,100,معافاة (0%),0.0000,0, , ,0
00722,نظارة قراءة - Reading glasses, ,50,2,100,100, , ,0, , ,0
00723,STO B74 0700 - Tous, ,900,1,360,360, , ,0, , ,0
00724,SPLN43-CL700Y - Police, ,300,1,300,300, , ,0, , ,0
00724,سبيكترا شمسي -  Spectra Sanglasses, ,50,1,50,50, , ,0, , ,0
00724,ماي كلور نظارة شمسية - My Cloror ssunglasses, ,80,1,80,80, , ,0, , ,0
00725,L 2898 002 145 - Lacoste, ,300,1,300,300, , ,0, , ,0
00726,سبيكترا شمسي -  Spectra Sanglasses, ,50,1,50,50, , ,0, , ,0
00727,سبيكترا شمسي -  Spectra Sanglasses, ,50,1,50,50, , ,0, , ,0
00728,سبيكترا شمسي - Spectra Sunglasses, ,50,1,50,50, , ,0, , ,0
00729,SPLR76 CL0302 - Police, ,350,1,350,350,معافاة (0%),0.0000,0, , ,0
00730,VTO B29 08LA 140 - Tous, ,780,1,312,312, , ,0, , ,0
00730,ميني اطفال طبي - Minis kids eyeglasses, ,50,1,50,50, , ,0, , ,0
00730,سبيكترا شمسي -  Spectra Sanglasses, ,50,1,50,50, , ,0, , ,0
00731,سبيكترا شمسي - Spectra Sunglasses, ,100,1,100,100, , ,0, , ,0
00731,عدسة طبية - medical Lens, ,50,1,50,50,معافاة (0%),0.0000,0, , ,0
00732,سبيكترا شمسي -  Spectra Sanglasses, ,50,1,50,50, , ,0, , ,0
00733,سبيكترا شمسي - Spectra Sunglasses, ,50,2,100,100, , ,0, , ,0
00734,سبيكترا شمسي -  Spectra Sanglasses, ,50,2,100,100, , ,0, , ,0
00734, XP 2319S C1 - Sooper, ,100,1,100,100,معافاة (0%),0.0000,0, , ,0
00735,STO C33V 0727 - Tous, ,300,1,300,300, , ,0, , ,0
00736,نظارة قراءة - Reading glasses, ,40,1,40,40, , ,0, , ,0
00737,CA 278/S 003UC - CARRERA, ,370,1,370,370, , ,0, , ,0
00738,SPLQ85 CL0579 - Police, ,350,1,350,350,معافاة (0%),0.0000,0, , ,0
00738,SPLB47-CL6QSB - Police, ,300,1,300,300, , ,0, , ,0
00739,سبيكترا شمسي - Spectra Sunglasses, ,50,6,300,300, , ,0, , ,0
00739,عدسة طبية - medical Lens, ,120,6,720,720,معافاة (0%),0.0000,0, , ,0
00740,سبيكترا شمسي -  Spectra Sanglasses, ,50,1,50,50, , ,0, , ,0
00741,سبيكترا شمسي -  Spectra Sanglasses, ,50,1,50,50, , ,0, , ,0
00742,ماي كلور نظارة شمسية - My Cloror ssunglasses, ,150,1,150,150, , ,0, , ,0
00743,ميني اطفال طبي - Minis kids eyeglasses, ,25,4,100,100, , ,0, , ,0
00744,نظارة قراءة - Reading glasses, ,50,1,50,50, , ,0, , ,0
00745,VTO B63 0752 135 - Tous, ,300,1,300,300, , ,0, , ,0
00746,سبيكترا شمسي -  Spectra Sanglasses, ,50,1,50,50, , ,0, , ,0
00747,CA 278/S 2M2IR - CARRERA, ,350,1,350,350, , ,0, , ,0
00748,عدسة طبية - medical Lens, ,50,1,50,50,معافاة (0%),0.0000,0, , ,0
00749,سبيكترا شمسي -  Spectra Sanglasses, ,50,1,50,50, , ,0, , ,0
00750,LOZZA SUNGLASS, ,400,1,400,400, , ,0, , ,0
00751,CK 23103S  002 - Calvin Klein, ,340,1,340,340, , ,0, , ,0
00752,ماي كلور نظارة شمسية - My Cloror ssunglasses, ,100,1,100,100, , ,0, , ,0
00752,ميني اطفال طبي - Minis kids eyeglasses, ,50,2,100,100, , ,0, , ,0
00753,عدسة طبية - medical Lens, ,100,1,100,100,معافاة (0%),0.0000,0, , ,0
00754,ميني اطفال طبي - Minis kids eyeglasses, ,35,3,105,105, , ,0, , ,0
00755,ميني اطفال طبي - Minis kids eyeglasses, ,50,1,50,50, , ,0, , ,0
00755,عدسة طبية - medical Lens, ,150,1,150,150,معافاة (0%),0.0000,0, , ,0
00756,نظارة قراءة - Reading glasses, ,35,1,35,35, , ,0, , ,0
00757,FILA SUNGLASS, ,225,2,450,450, , ,0, , ,0
00758,L260S - 002 - LACOSTE, ,400,1,400,400,معافاة (0%),0.0000,0, , ,0
00759,L260S - 002 - LACOSTE, ,400,1,400,400,معافاة (0%),0.0000,0, , ,0
00760,ميني اطفال طبي - Minis kids eyeglasses, ,40,5,200,200, , ,0, , ,0
00761,عدسة طبية - medical Lens, ,120,1,120,120,معافاة (0%),0.0000,0, , ,0
00762,CV1013 CL045 - Converse, ,200,1,200,200,معافاة (0%),0.0000,0, , ,0
00762,عدسة طبية - medical Lens, ,500,1,500,500,معافاة (0%),0.0000,0, , ,0
00763,STO C21 0743 - Tous, ,900,1,315,315, , ,0, , ,0
00764,LOZZA SUNGLASS, ,400,1,400,400, , ,0, , ,0
00765,LOZZA SUNGLASS, ,400,1,400,400, , ,0, , ,0
00766,سبيكترا شمسي - Spectra Sunglasses, ,50,2,100,100, , ,0, , ,0
00766,عدسة طبية - medical Lens, ,50,2,100,100,معافاة (0%),0.0000,0, , ,0
00767,FILA SUNGLASS, ,225,1,225,225, , ,0, , ,0
00768,VPLP14 -0302 POLICE, ,900,1,360,360,معافاة (0%),0.0000,0, , ,0
00768,SPLQ80 CL0Z42 - Police, ,980,1,392,392,معافاة (0%),0.0000,0, , ,0
00768,عدسة طبية - medical Lens, ,248,1,248,248,معافاة (0%),0.0000,0, , ,0
00769,سبيكترا شمسي -  Spectra Sanglasses, ,50,1,50,50, , ,0, , ,0
00770,VFI 718V 0700 140 - Fila, ,540,1,216,216, , ,0, , ,0
00770,عدسة طبية - medical Lens, ,84,1,84,84,معافاة (0%),0.0000,0, , ,0
00771,عدسة طبية - medical Lens, ,150,1,150,150,معافاة (0%),0.0000,0, , ,0
00772,عدسة طبية - medical Lens, ,70,1,70,70,معافاة (0%),0.0000,0, , ,0
00773,عدسة طبية - medical Lens, ,80,1,80,80,معافاة (0%),0.0000,0, , ,0
00773,ميني اطفال طبي - Minis kids eyeglasses, ,50,1,50,50, , ,0, , ,0
00774,سبيكترا شمسي - Spectra Sunglasses, ,50,1,50,50, , ,0, , ,0
00775,L 6035S 410 - Lacoste, ,940,1,376,376, , ,0, , ,0
00776,POLICE SUNGLASS, ,1000,1,400,400, , ,0, , ,0
00777,عدسة طبية - medical Lens, ,130,1,130,130,معافاة (0%),0.0000,0, , ,0
00777,عدسة طبية - medical Lens, ,100,1,100,100,معافاة (0%),0.0000,0, , ,0
00778,سبيكترا شمسي -  Spectra Sanglasses, ,40,1,40,40, , ,0, , ,0
00778,عدسة طبية - medical Lens, ,40,1,40,40,معافاة (0%),0.0000,0, , ,0
00779,LOZZA SUNGLASS, ,400,1,400,400, , ,0, , ,0
00780,FE 40029U 01B - Fendi, ,1880,1,752,752, , ,0, , ,0
00780,VPLG72-CL0700 - Police, ,800,1,320,320, , ,0, , ,0
00780,عدسة طبية - medical Lens, ,428,1,428,428,معافاة (0%),0.0000,0, , ,0
00781,عدسة طبية - medical Lens, ,120,1,120,120,معافاة (0%),0.0000,0, , ,0
00782,عدسة طبية - medical Lens, ,140,1,140,140,معافاة (0%),0.0000,0, , ,0
00783,عدسة طبية - medical Lens, ,100,1,100,100,معافاة (0%),0.0000,0, , ,0
00784,STO 440 340X - Tous, ,300,1,300,300, , ,0, , ,0
00785,SPLQ89 CL0300 - Police, ,400,1,400,400,معافاة (0%),0.0000,0, , ,0
00786,عدسة طبية - medical Lens, ,120,1,120,120,معافاة (0%),0.0000,0, , ,0
00787,VTO A13 0AD4 135 - Tous, ,780,1,300.3,300.3, , ,0, , ,0
00788,سبيكترا شمسي - Spectra Sunglasses, ,50,1,50,50, , ,0, , ,0
00788,عدسة طبية - medical Lens, ,70,1,70,70,معافاة (0%),0.0000,0, , ,0
00789,كي اكتور نظارة شمسية  - K Actor sunglasses, ,150,1,150,150, , ,0, , ,0
00790,CA 1056/S OIT90 - CARRERA, ,950,1,380,380, , ,0, , ,0
00791,سبيكترا شمسي - Spectra Sunglasses, ,70,1,70,70, , ,0, , ,0
00791,عدسة طبية - medical Lens, ,60,1,60,60,معافاة (0%),0.0000,0, , ,0
00792,سبيكترا شمسي -  Spectra Sanglasses, ,50,1,50,50, , ,0, , ,0
00793,CKJ 20102S 445 - Calvin Klein, ,770,1,300.3,300.3, , ,0, , ,0
00794,سبيكترا شمسي -  Spectra Sanglasses, ,35,6,210,210, , ,0, , ,0
00795,سبيكترا شمسي - Spectra Sunglasses, ,50,1,50,50, , ,0, , ,0
00796,STO B42 CL0T66 - Tous, ,325,1,325,325, , ,0, , ,0
00796,L 986S 300 - Lacoste, ,325,1,325,325, , ,0, , ,0
00797,عدسة طبية - medical Lens, ,150,1,150,150,معافاة (0%),0.0000,0, , ,0
00798,سبيكترا شمسي -  Spectra Sanglasses, ,50,2,100,100, , ,0, , ,0
00798,ماي كلور نظارة شمسية - My Cloror ssunglasses, ,100,1,100,100, , ,0, , ,0
00799,سبيكترا شمسي -  Spectra Sanglasses, ,50,1,50,50, , ,0, , ,0
00800,سبيكترا شمسي -  Spectra Sanglasses, ,50,1,50,50, , ,0, , ,0
00801,CA 1057/S 80S9O- CARRERA, ,340,1,340,340, , ,0, , ,0
00801,سبيكترا شمسي -  Spectra Sanglasses, ,40,1,40,40, , ,0, , ,0
00802,LOZZA SUNGLASS, ,350,1,350,350, , ,0, , ,0
00803,ميني اطفال طبي - Minis kids eyeglasses, ,50,2,100,100, , ,0, , ,0
00803,عدسة طبية - medical Lens, ,100,2,200,200,معافاة (0%),0.0000,0, , ,0
00804,L 6034S 001 - LACOSTE, ,980,1,392,392,معافاة (0%),0.0000,0, , ,0
00805,CK22125TA - 414- CALVIN KLEIN, ,1190,1,476,476,معافاة (0%),0.0000,0, , ,0
00806,L.J 156S 740 - Liu.Jo, ,300,1,300,300, , ,0, , ,0
00807,LOZZA SUNGLASS, ,450,1,450,450, , ,0, , ,0
00808,3074 693/F9 - Arntte, ,480,1,168,168, , ,0, , ,0
00808,SFI 894 06QS - Fila, ,680,1,234.6,234.6, , ,0, , ,0
00809,POLICE SUNGLASS, ,300,1,300,300, , ,0, , ,0
00809,CKJ 23659S 400 - Calvin Klein, ,300,1,300,300, , ,0, , ,0
00810,سبيكترا شمسي -  Spectra Sanglasses, ,50,1,50,50, , ,0, , ,0
00811,CKJ 22643S 971 - Calvin Klein, ,300,1,300,300, , ,0, , ,0
00811,سبيكترا شمسي -  Spectra Sanglasses, ,50,1,50,50, , ,0, , ,0
00812,L 978S 001 - Lacoste, ,330,1,330,330, , ,0, , ,0
00813,سبيكترا شمسي - Spectra Sunglasses, ,40,1,40,40, , ,0, , ,0
00814,عدسة طبية - medical Lens, ,200,1,200,200,معافاة ,0.0000,0, , ,0
